museum,acc.no,taxon,MC1.L,MC1.BML,MC1.BDP,MC1.MSML,MC1.MSDP,MC1.HML,MC1.HDP,MC5.L,MC5.BML,MC5.BDP,MC5.MSML,MC5.MSDP,MC5.HML,MC5.HDP,PP3.L,PP3.BML,PP3.BDP,PP3.MSML,PP3.MSDP,PP3.TML,PP3.TDP,IP3.L,IP3.BML,IP3.BDP,IP3.TML,IP3.TDP
CMNH,HTH 0118,Homo_sapiens,42.72,14.13,15.37,11.52,8.47,12.6,12.12,50.22,10.53,10.03,7.79,7.06,11.12,12.03,42.8,15.8,12.5,10.42,7.58,11.34,8.2,28.91,13.34,9.9,9.77,6.52
CMNH,HTH 204,Homo_sapiens,37.78,13.11,13.49,9.15,6.77,11.5,10.01,48.2,10.77,10.68,5.66,6,10.23,10.41,39.36,13.68,10.88,8,5.85,10,6.97,25.46,11.81,8.64,8.75,5.19
CMNH,HTH 243,Homo_sapiens,41.02,13.81,14.12,10.57,7.3,12.51,11.58,47.3,11.03,10.08,6.39,5.32,11.19,10.39,41.1,15.07,11.81,9.11,6.4,10.97,7.46,27.56,12.92,9.17,8.8,5.37
CMNH,HTH 252,Homo_sapiens,44.48,15.17,16.06,10.72,8.82,11.98,11.24,49.52,10.31,10.54,7.11,5.97,10.71,10.71,42.49,14.05,11.52,9.56,6.18,10.76,7.57,28.23,12.69,8.94,8.78,5.41
CMNH,HTH 269,Homo_sapiens,42.36,14.46,15.1,10.03,6.37,12.03,10.5,48.46,8.98,9.67,6.77,5.61,9.9,10.76,42.59,15,11.19,8.89,6.37,10.66,7.93,27.63,13.69,9.95,9.52,5.82
CMNH,HTH 306,Homo_sapiens,43.7,15.86,14.89,12.18,7.93,13.06,11.86,49.2,10.25,10.23,7.78,5.88,11.07,11.16,40.16,14.83,12.34,9.2,6.78,11.89,8.37,26.67,13.14,9.42,9.33,6.08
CMNH,HTH 311,Homo_sapiens,41.5,14.15,14.23,12.24,8.25,12.86,12.86,49.5,10.39,10.09,9.41,6.89,10.42,11.19,41.64,14.83,11.46,9.93,7.34,10.33,7.09,28.46,12.67,8.98,8.28,5.19
CMNH,HTH 529,Homo_sapiens,45.6,15.18,15.28,11.44,8,13.63,12.89,55.24,10.94,9.96,7.74,5.88,11.91,10.98,48.91,15.92,12.14,9.2,6.9,11.98,8.66,30.54,13.24,9.9,9.41,6.32
CMNH,HTH 545,Homo_sapiens,46.37,16.32,15.46,11.89,7.76,13.77,12.58,52.2,11.11,10.37,7.79,6.74,12.68,11.62,46.81,16.28,12.4,10.4,6.26,11.78,8.37,32.66,14.51,10.28,9.51,6.52
CMNH,HTH 589,Homo_sapiens,47.31,15.18,15.88,10.99,8.23,12.94,12.2,56.46,10.42,11.47,7.17,6.38,11.46,10.98,47.63,15.68,12.38,9.17,7,11.36,8.32,29.87,13.39,9.44,8.75,5.92
CMNH,HTH 603,Homo_sapiens,45.84,16.1,14.34,11.24,8.28,13.06,10.86,53.73,10,11.72,7.6,6.09,11.41,10.81,44.83,15.48,11.81,9.05,7.03,11.62,7.57,29.77,13.27,9.41,9.99,6.96
CMNH,HTH 612,Homo_sapiens,40.96,13.45,13.82,9.28,6.5,12.18,11.16,49.2,8.55,10.32,5.95,4.56,9.64,10.39,42.75,13.82,10.84,8.62,5.61,9.98,7.27,27.94,12.07,8.62,7.94,5.55
CMNH,HTH 631,Homo_sapiens,39.26,14.92,13.76,11.07,7.67,13.44,11.38,48.83,10.44,11.2,7.62,5.59,11.47,11.36,44.08,15.05,11.73,9.14,6.57,11.27,8.06,28.47,13.39,9.04,9.17,6.3
CMNH,HTH 704,Homo_sapiens,45.77,16.24,14.36,12.43,8.58,14.42,12.55,52.25,10.81,10.75,8.75,6.43,11.92,11.26,46.24,15.02,11.98,9.77,6.85,11.57,8.07,29.84,12.76,9.89,9.58,6.04
CMNH,HTH 152,Homo_sapiens,45.01,15.41,15.27,10.25,8.06,13.61,13.82,52.18,11.04,10.71,7.11,6.12,11.27,11.18,44,15.3,11.81,9,6.87,11.02,8.19,28.45,13.8,10.58,8.64,6.03
CMNH,HTH 205,Homo_sapiens,49.28,17.1,17.13,12.89,8.31,13.92,11.52,56.01,10.24,11.35,8.5,6.76,11.75,11.8,48.73,16.27,12.78,11.02,7.04,11.95,8.17,27.95,14.07,10.83,10.2,5.66
CMNH,HTH 228,Homo_sapiens,46.02,15.99,14.54,13.01,8.04,13.88,12.17,53.27,11.03,10.61,8.83,7.64,11.79,11.5,46.45,16.42,12.72,10.2,7.18,11.42,8.11,28.46,13.65,9.47,8.72,5.55
CMNH,HTH 1012,Homo_sapiens,43.95,14.03,14.14,12.18,7.55,12.61,11.73,49.95,10.81,10.57,7.19,6.22,10.93,12.46,44.16,13.95,12.23,9.74,6.41,11.16,7.77,29.64,12.69,10.07,9.12,6.33
CMNH,HTH 0088,Homo_sapiens,45.63,16.87,15.78,12.25,9.14,16.25,12.79,54.96,12.1,11.57,8.44,7.02,11.87,12.62,46.75,17.04,13.28,10.67,7.47,12.35,8.97,30.74,14.34,10.24,10.06,6.57
CMNH,HTH 0096,Homo_sapiens,47.13,15.6,16.37,12.09,8.53,15.4,13.56,54.91,9.42,11.22,7.86,6.56,12.23,12.47,47.62,17.53,13,10.17,7.61,12.62,9.44,32.43,14.91,10.9,10.02,7.2
CMNH,HTH 248,Homo_sapiens,44.94,16.15,15.85,12.64,9.35,14.02,12.43,55.64,10.84,11.59,7.25,7.51,12.42,12.31,46.53,16.74,13.82,10.36,7.51,12.68,8.53,31,14.29,10.49,9.89,6.45
CMNH,HTH 263,Homo_sapiens,46.3,15.9,16.08,11.03,9.02,14.95,12.14,53.48,10.74,10.66,6.24,6.3,12.26,11.42,45.26,16.25,12.19,9.39,7.26,12.94,8.49,30.6,14.44,9.29,9.12,6.24
CMNH,HTH 287,Homo_sapiens,45.27,14.87,15.95,11.15,8.05,12.48,11.69,52.08,9.92,11.43,6.52,7.26,10.87,10.81,42.63,15.81,12.4,10.2,6.75,10.97,7.67,28.53,13.13,9.79,9.7,5.79
CMNH,HTH 385,Homo_sapiens,45.67,16.69,17.99,12.03,8.68,14.11,12.34,54.11,11.66,12.46,6.68,6.68,11.62,11.81,45.31,16.72,12.86,10.31,7.66,12.22,8.7,29.49,14.12,10.61,10.24,6.66
CMNH,HTH 402,Homo_sapiens,50.27,16.8,15.63,13.39,9.65,14.48,13.45,55.62,11.4,10.68,9.13,7.95,12.14,11.25,49.35,17.15,13.16,10.62,7.46,11.75,8.53,32.18,14.32,10.14,9.76,6.51
CMNH,HTH 584,Homo_sapiens,45.14,15.23,15.73,12.79,9.28,13.81,12.54,50.69,11.04,10.69,7.75,7.5,11.81,12.38,42.85,15.11,12.31,10.89,6.63,11.89,8.5,28.77,12.86,9.59,9.62,6.71
CMNH,HTH 626,Homo_sapiens,47.06,17.54,17.17,13.82,8.22,14.76,14.44,57.42,13.96,10.77,8.83,6.62,11.48,12.19,48.14,17.96,13.51,11.31,8.18,12.88,9.28,30,13.74,10.17,10.21,6.56
CMNH,HTH 669,Homo_sapiens,44.82,15.81,15.92,11.9,8.04,14.74,13.67,52.28,10.99,11.98,8.28,6.58,11.09,11.56,46.21,16.07,12.77,10.74,7.1,13.02,9.06,30.81,14.31,10.8,10.61,7.11
CMNH,HTH 707,Homo_sapiens,46.83,16.98,16.68,14.09,11.34,14.85,13.21,53.38,11.48,13.08,9.39,9.33,12.68,12.47,45.26,17.79,14.44,11.94,8.81,13.47,9.57,30.61,15.46,11.46,10.73,6.8
CMNH,HTH 723,Homo_sapiens,43.73,17.21,15.95,11.59,8.71,14.52,13.16,53.21,14.05,13.02,6.91,7.62,12.63,12.73,45.36,18.56,13.56,11.36,8.06,13.07,8.8,30.58,15.93,11.66,10.69,6.47
CMNH,HTH 732,Homo_sapiens,45.83,15.46,14.4,12.55,8.34,13.78,11.44,52.1,11.96,11.08,8.91,6.42,10.08,11,44.42,15.28,12.27,11.28,7.14,11.84,7.98,29.64,12.96,9.47,9.35,6.06
CMNH,HTH 735,Homo_sapiens,44.93,15.76,15.83,12.78,8.78,14.62,13.11,55.88,12.23,12.42,8.55,6.55,12.98,12.37,48.13,17.11,13.3,10.37,7.6,12.66,9.11,30.66,14.79,10.33,10.13,6.62
CMNH,HTH 754,Homo_sapiens,46.43,16.6,15.31,12.57,7.48,14.72,11.72,52.73,13.65,11.8,8.46,7.36,12.67,12.88,45.9,16.88,13.4,10.46,6.83,12.49,8.35,28.94,14.61,9.7,10.91,6.21
CMNH,HTH 1577,Homo_sapiens,45.92,16.82,16.87,13.03,8.89,15.32,14.8,53.33,11.75,12.03,8.2,7.25,10.68,12.49,44.52,15.67,12.91,9.74,7.47,11.88,8.67,28.52,14.42,11.96,10.21,6.56
CMNH,HTH 1556,Homo_sapiens,45.76,15.52,17.3,12.34,9.98,15.55,13.36,55.61,11.71,11.75,8.5,7.04,12.87,12.1,45.87,16.92,13.38,11.69,7.39,12.69,8.82,32.09,14.14,10.04,9.97,6.94
CMNH,HTH 1514,Homo_sapiens,46.77,16.66,16.21,12.82,8.84,15.78,13.43,55.07,11.81,12.93,8.57,7.45,12.84,12.41,45.58,16.93,13.36,10.42,7.66,12.25,8.73,30.53,14.13,10.67,9.63,7.09
CMNH,HTH 1429,Homo_sapiens,46.5,16.66,16.1,12.01,8.94,14.57,12.43,54.59,10.94,10.81,9.53,7.23,12.32,12.86,48.26,17.51,13.39,11.27,6.92,12.87,9.24,31.95,15.05,9.96,10.06,6.76
CMNH,HTH 1521,Homo_sapiens,47.11,17.33,16.25,13.84,9.13,15.03,14.05,57.06,12.59,12.75,8.65,7.33,12.72,12.55,47.44,17.73,13.05,11.66,7.55,12.48,8.93,32.55,14.99,10.85,9.99,7.09
PAHMA,9044,Homo_sapiens,42.6,14.26,14.11,9.5,8.14,13.8,14.76,49.71,13.17,10.22,5.8,6.96,10.5,11.05,41.45,16,12.35,9.42,7.4,10.5,8.14,26.82,13.23,9.61,8.61,5.78
PAHMA,9046,Homo_sapiens,44.97,16,16.46,12.07,7.92,13.15,13.12,52.9,14.24,10.2,7.67,7.4,10.53,11.03,43.57,15.93,12.7,10.86,7.56,12.37,8.07,29.51,14.14,10.45,9.25,5.82
PAHMA,9092,Homo_sapiens,42.23,14.26,14.33,9.83,6.85,13.36,11.05,47.75,11.87,9.55,5.56,6.74,11.06,11.05,44.44,15.3,12.4,8.67,6.71,11.23,7.9,27.05,14.1,10.4,8.13,5.57
PAHMA,9802,Homo_sapiens,45.72,15.82,15.41,12.58,8.53,14.53,13.9,52.2,13.35,11.87,7.2,7.9,11.68,12.52,46.95,16.47,12.66,10.94,7,11.95,8.28,29.85,15,10.85,10.13,6.36
PAHMA,9047,Homo_sapiens,41.3,14.8,14,11.4,7.3,13,12.21,49.05,13.1,9.96,7.55,6.4,10.9,11.74,43.76,15.22,11.65,9.62,6,11.5,7.9,29.3,13.03,9.5,8.72,5.65
PAHMA,10449,Homo_sapiens,49.71,17.33,16.57,13.36,8.3,15.7,15,55.83,13.36,11.62,7.8,7.3,12.6,12.93,48.52,17.25,13.44,10.37,8.18,12.9,9.6,29.7,14.8,11.35,10.5,6.56
PAHMA,10448,Homo_sapiens,43.37,14.61,15.43,10.71,8.56,14.13,13.4,52.3,10.46,9.91,7.83,6.04,11.13,12.26,44.93,15.62,13.51,10,7.3,12.44,9.2,29.21,14.4,10.72,9.94,6.75
PAHMA,10465,Homo_sapiens,45.15,14.61,15.65,11.84,8.25,14.93,14.14,53.43,10.2,11.24,7.33,5.64,12.03,12.28,44.87,15.92,12.65,9.72,6.08,11.5,8.2,29.47,14.22,10.38,9.8,6.62
PAHMA,5879,Homo_sapiens,48.5,15,16,11.54,8.73,14.52,13.7,58.7,10.62,9.37,7.46,6.37,11.77,12.3,49.83,15.63,12.43,10,7.32,11.7,8.45,32.6,14,11.34,10.08,6.5
PAHMA,5391,Homo_sapiens,41.45,14.32,13.7,10.26,7.16,12.85,12.7,48.8,9.8,10.2,6.3,5.34,10.05,10.76,41.6,14.17,11.3,8.3,6.6,10.3,7.42,26.91,12.57,9.44,9.06,5.35
PAHMA,6812,Homo_sapiens,47.5,16,17,11.1,8.1,14.8,14.21,54.04,11.57,10.87,7.28,5.89,11.85,12.05,46.92,17.26,12.2,9.8,6.75,11.93,8.48,28.07,13.45,10.15,10,5.65
PAHMA,5994,Homo_sapiens,48.32,16.41,16.11,11.66,9.46,15.12,13.3,55.2,11.22,10.14,9.06,7.24,12.2,12.9,47.11,15.85,12.7,10.54,7.2,12.08,8.13,30.6,14.15,10.04,10.2,6.78
PAHMA,6977,Homo_sapiens,44.6,15.05,15.94,9.88,8.46,14.43,13.45,51.53,10.15,11,7.05,6.6,12.5,12.3,45.43,16.94,12.66,10.71,7.37,12.12,8.52,29.5,15.18,11.07,9.94,6.82
PAHMA,6094,Homo_sapiens,49.26,15.52,16.12,10.95,8.2,16.3,14.4,57.48,10.2,10.96,7.7,6.38,12.36,12.06,49.87,16.64,13.67,10,7.28,12.64,8.86,33,14,11.35,10,6.1
EvoMorph,1,Homo_sapiens,43.7,13.53,12.74,10.15,7.64,13.2,11.4,51.29,13.95,10.52,7.3,6.4,11.53,11.41,47.84,15.68,11.28,9.05,6.53,12,7.54,32.66,13.23,10.26,9.38,5.71
EvoMorph,2,Homo_sapiens,46.16,16.91,17.39,12.86,8.64,15.52,15.36,53.75,14.81,10.98,8.82,6.94,12.15,14.25,44.45,16.22,12.55,9.53,6.55,12.3,8.48,22.47,13.51,9.45,10.23,5.25
EvoMorph,3,Homo_sapiens,45.45,14.07,13.21,10.21,6.93,13.48,12.17,53.01,12.77,10.59,7.5,5.79,10.98,10.56,45.42,15.38,11.7,9.56,6.06,11.85,7.84,28.5,13.61,10.1,9.83,6.23
AMNH,98/285,Homo_sapiens,45.86,15.38,13.97,12.27,9.37,13.86,13.15,53.66,12.52,11.49,8.11,6.64,10.45,11.6,46.63,16.41,12.79,9.87,7.66,11.8,8.39,29.5,12.97,9.63,9.46,5.64
AMNH,98/286,Homo_sapiens,49.18,15.64,16.47,11.95,9.4,15.4,14.57,54.61,13.07,9.42,8.6,7.47,11.73,12.36,50.26,17.27,13.17,11.45,7.97,13.58,9.68,32.85,14.65,10.91,11.77,6.93
AMNH,98/290,Homo_sapiens,45.5,16.34,17.79,12.47,9.55,15.53,14.25,54.38,14.51,11.69,7.87,7.31,11.21,12.87,47.34,18.13,13.6,12.17,7.74,13.81,9.55,33.87,15.83,11.19,10.01,6.75
AMNH,98/291,Homo_sapiens,47.38,16.96,15.02,12.75,8.73,15.39,13.22,56.78,13.76,11.01,8.75,8.22,12.88,12,48.23,16.78,12.48,10.52,8.16,11.89,9.41,33.61,13.89,10.97,10.13,7.03
AMNH,98/294,Homo_sapiens,49.69,15.22,17.17,11.48,9.45,16.29,15.81,56.12,14.03,11.49,9.24,7.38,11.66,11.86,48.96,17.06,13.35,10.78,7.43,12.32,8.57,33.03,14.83,10.22,10.64,6.59
AMNH,98/272,Homo_sapiens,49.85,15.23,13.34,11.8,8.9,14.44,12.93,60.3,12.27,12.33,7.73,7.28,12.26,11.84,48.38,16.53,12.41,10.04,8.06,11.68,8.48,31.24,13.61,10.63,10.2,5.79
AMNH,98/275,Homo_sapiens,41.83,16.83,15,13.54,9.09,15.7,13.8,50.85,13.99,11.32,8.84,7.32,12.15,12.25,43.81,17.88,14.04,11.15,8.73,13.39,9.43,31.62,16.17,12.08,11.46,7.18
AMNH,98/276,Homo_sapiens,49.16,16.63,16.58,12.33,8.87,15.75,13.49,56.25,13.63,12.45,7.96,6.94,12.6,12.08,47.85,16.83,12.71,10.91,7.95,12.88,9.14,31.89,14.67,9.65,9.38,6.49
AMNH,98/260,Homo_sapiens,46.15,13.89,13.98,11.5,8.12,15.29,11.91,53.48,12.11,10.12,9,6.36,10.88,10.81,49.94,14.56,11.76,9.57,6.53,11.02,7.64,32.43,12.58,9.69,9.01,5.94
AMNH,98/258,Homo_sapiens,43.98,15,14.77,12.65,8.55,13.02,11.99,55.13,11.33,9.89,7.71,6.31,10.71,11.21,46.78,14.87,11.87,8.71,6.94,11.27,7.96,32.66,13.05,10.01,8.87,5.4
AMNH,98/228,Homo_sapiens,41.94,13.72,14.12,10.44,8.31,12.26,12.56,49.09,12.76,11,6.98,6.32,10.39,10.25,44.03,14.83,11.61,9.24,6.98,10.69,7.95,29.27,12.45,8.69,8.3,5.96
AMNH,98/219,Homo_sapiens,42.42,14.28,12.94,10.33,7.09,12.55,11.71,47.15,12.16,9.57,7.2,5.57,10.07,10.33,38.84,14.1,10.55,9.19,6.12,11.01,7.06,25.52,12.33,8.52,8.72,5.28
AMNH,51381,Pan_troglodytes,38.11,10.35,16.65,8.7,7.18,10.26,11.11,72.68,10.59,8.64,6.78,5.76,9.09,12.3,55.73,15.91,15.37,11.51,8.26,12.96,9.75,42.43,14.98,11.75,10.14,7.03
AMNH,51377,Pan_troglodytes,45.6,13.76,11.62,8.43,5.88,9.86,11.15,83.1,8.98,10.41,6.22,7.21,9.15,13.39,60.37,15.44,16.28,12.47,9.38,11.57,11.16,46.38,14.78,11.69,9.32,6.67
AMNH,51393,Pan_troglodytes,40.33,11.4,12.01,9.28,6.65,9.58,10.48,77.54,8.58,10.57,7.74,6.81,10.42,13.32,59.1,16.85,15.02,14.03,9.15,12.96,10.47,44.27,15.83,10.86,10.08,7.1
AMNH,51202,Pan_troglodytes,42.07,10.82,11.74,8.68,6.17,10.17,9.09,76.66,8.54,9.23,7.14,6.01,9.98,12.53,60.35,15.76,14.4,11.18,8.13,11.59,10.15,42.7,15.16,12.19,9.36,6.73
AMNH,51379,Pan_troglodytes,40.58,12.51,12.29,7.65,5.53,9.77,10.39,73.55,8.61,9.93,6.17,6.34,9.11,11.69,61.14,16.58,14.16,10.34,8.19,12.1,10.23,44.27,15.36,13.58,9.81,6.55
AMNH,90293,Pan_troglodytes,42.84,11.16,12.7,9.32,7.51,10.08,9.88,81.25,9.39,11.22,8.47,6.46,10.25,13.01,64.46,17.1,15.74,13.31,9.23,13.19,11.42,45.48,16.36,12.33,11.42,7.81
AMNH,90292,Pan_troglodytes,40.12,10.08,10.96,7.52,6.34,8.31,9.3,75.44,8.48,9.38,7.46,5.78,8.61,11.51,60.37,15.38,14.32,11.6,8.67,12.08,10.06,42.18,15.16,11.65,9.24,6.54
AMNH,167344,Pan_troglodytes,39.86,9.9,11.02,8.49,6.29,8.79,9.9,73.76,9.15,11.14,7.46,6.81,10.27,13.25,57.83,16.54,16.04,13.96,9.05,12.46,10.38,41.2,15.01,11.78,9.76,6.83
AMNH,167346,Pan_troglodytes,37.46,10.95,11.77,7.93,6.62,8.9,9.75,69.66,9.47,10.74,7.04,5.7,9.3,12.59,58.7,16.17,15.75,13.35,8.78,12.46,10.13,42.42,16.51,12.21,9.52,6.6
AMNH,10276,Pan_troglodytes,40.56,9.83,12.06,6.48,5.99,8.17,8.96,80.26,8.61,9.89,7.97,5.38,8.51,13.27,66.48,17.26,14.81,15.73,6.58,12.43,11.19,47.42,15.72,12.35,10.88,8.14
AMNH,51278,Pan_troglodytes,39.91,12.05,14.22,8.3,7.21,9.59,11.02,74.3,9.6,11.63,7.35,6.91,9.67,14.05,57.95,17.27,15.53,13.96,7.93,12.86,12.19,41.9,16.02,11.61,10.01,7.15
AMNH,89354,Pan_troglodytes,37.88,11.89,12.25,8.33,6.66,9.47,10.12,71.66,9.5,9.04,6.29,5.89,9.52,11.31,56.43,16,14.43,11.31,6.97,12.37,10.65,41.24,14.47,10.92,9.45,6.73
AMNH,89353,Pan_troglodytes,40.32,10.91,12.13,7.98,6.33,8.44,9.31,81.77,9.42,8.89,6.82,7.09,10.55,14.4,63.91,17.22,15.18,12.1,8.19,13.31,11.03,49.09,16.24,11.76,10.17,7.07
AMNH,89355,Pan_troglodytes,38.88,11.98,12.01,8.04,6.33,9.28,10.5,73.45,8.95,9.59,7.19,6.48,9.84,13.5,57.59,15.94,15.35,11.19,7.08,12.32,10.93,42.6,14.57,12.66,8.81,6.36
USNM,220065,Pan_troglodytes,36.38,11.64,12,8.31,6.54,10.04,10.37,70.55,10.17,12.23,8.22,6.78,10.58,13.8,59.33,18.94,17.9,13.7,8.13,13.91,11.01,41.89,17.26,12.58,10.4,7.42
USNM,220062,Pan_troglodytes,37.49,11.69,10.63,7.61,5.66,8.95,9.18,71,8.4,9.04,6.03,5.55,9.31,11.96,58.81,15.37,14.31,12.2,7.4,12,9.42,43.05,14.2,10.98,9.03,6.51
USNM,220063,Pan_troglodytes,38.05,11.9,12.76,7.28,5.88,9.32,10.09,70.69,10.05,9.78,5.84,5.69,9.68,12.98,62.52,16.6,14.72,12.58,8.6,14.18,11.43,43.09,15.5,13.12,9.27,5.81
USNM,176226,Pan_troglodytes,36,9.72,10.32,6.89,5.69,7.8,9.13,67.68,8.67,7.02,6.2,6.1,7.91,11.52,53.44,13.94,13.6,10.29,6.35,10.61,8.73,38.28,13.54,10.23,8.26,5.64
USNM,176229,Pan_troglodytes,44.85,12.09,13.43,9.68,7.65,10.23,10.25,81.55,12,10.62,8.56,6.52,10.97,13.09,64.11,17.81,15.67,14.59,9.33,13.96,11.35,44.76,16.48,12.05,10.52,7.76
USNM,176230,Pan_troglodytes,41.41,10.61,13.28,8.56,6.49,9.36,10.43,78.3,10.75,10.33,6.9,5.79,9.09,13.56,65.18,16.35,15.66,11.63,8.29,12.67,11.63,44.82,15.51,12.68,10.38,7.07
USNM,220327,Pan_troglodytes,46.49,10.81,12.33,6.88,6.42,8.78,9.95,81.89,10.29,10.02,6.35,5.58,9.15,12.49,65.55,16.83,14.05,13.31,7.78,12.09,11.1,48.49,14.5,10.99,9.63,6.86
CMNH,HTB 1713,Pan_troglodytes,37.04,10.73,11.69,8.93,6.32,8.04,8.31,69.86,8.3,8.32,7.49,5.84,8.81,11.16,57.91,15.88,13.55,12.58,9.4,11.13,9.97,42.44,14.91,11.67,9.92,7.55
CMNH,HTB 1719,Pan_troglodytes,38.99,8.92,10.37,6.61,5.36,8.37,9.66,73.18,8.53,9.48,6.48,5.86,9.04,13.27,57.88,14.8,13.69,13.35,8.31,12.42,10.43,39.38,14.57,10.69,9.38,6.76
CMNH,HTB 1723,Pan_troglodytes,43.25,13.55,12.81,10.49,6.7,10.89,12.62,73.24,10.66,11.53,8.54,6.23,9.29,13.4,59.54,16.69,16.49,14.26,9.09,13.9,10.81,42.42,17.8,12.67,10.67,7.8
CMNH,HTB 2771,Pan_troglodytes,38.55,9.38,11.36,7.87,6.32,7.65,9.26,75.45,7.59,9.54,7.22,5.85,8.05,12.14,60.61,15.41,14.96,12.11,9.06,11.6,9.42,46.64,14.43,11.95,9.07,6.65
CMNH,HTB 2823,Pan_troglodytes,41.87,13.3,13,8.48,6.66,10.72,11.04,71.2,9.7,10.5,7.09,6.01,10.28,13.28,57.76,16.54,15.81,11.33,7.67,13.28,10.38,43.14,14.25,11.2,10.4,7
CMNH,HTB 3539,Pan_troglodytes,42.87,11.62,12.82,9.38,6.69,9.06,11.56,80.76,8.63,10.35,8.44,6.35,9.12,12.22,60.69,16.91,15.03,13.17,9.15,12.42,12.02,45.36,15.61,13.61,9.38,6.97
CMNH,HTB 1749,Pan_troglodytes,42.14,9.97,12.75,8.02,7.49,9.26,10.2,73.85,9.35,11.75,7.86,6.53,10.12,13.89,58.28,15.97,14.97,15.86,8.88,12.81,11.18,43.62,15.28,11.4,9.65,6.76
CMNH,HTB 1755,Pan_troglodytes,37.01,10.37,11.43,7.2,6.08,8.75,8.27,75.37,7.62,9.51,6.7,6.07,8.61,12.15,63.11,15.31,13.35,11.55,8.07,11.38,10.55,43.88,14.84,11.77,8.36,6.86
CMNH,HTB 1766,Pan_troglodytes,42.75,12.62,13.21,9.07,7.52,10.22,10.77,78.45,8.57,11.38,8.09,6.46,9.85,13.88,64.33,17.39,15.96,16.4,8.72,13.26,12.02,47.13,16.37,13.42,10.59,8.79
CMNH,HTB 1735,Pan_troglodytes,42.96,10.78,12.06,7.94,6.18,9.17,10.55,75.95,9.51,11.34,7.7,6.1,9.8,12.14,59.75,16.16,15.23,14.68,7.26,11.72,10.19,43.39,14.87,12.45,10.11,7.11
CMNH,HTB 1744,Pan_troglodytes,40.15,11.95,12.21,9.57,6.04,8.58,9.86,71.72,8.23,9.98,8.1,5.7,9.28,13.4,57.42,15.78,14.25,12.56,8.68,12.56,10.58,43.18,15.19,11.18,10.31,7.91
CMNH,HTB 1741,Pan_troglodytes,36.08,11.35,12.53,8.5,7.76,8.37,10.12,70.32,9.3,11.1,7.29,6.91,8.82,13.34,52.89,16.42,15.45,14.86,9.53,12.01,10.55,39.85,15.92,12.38,10.22,7.77
CMNH,HTB 1056,Pan_troglodytes,42.93,11.67,15.5,9.51,7.86,10.19,10.46,81.64,10.26,12.03,8.14,7.3,9.87,14.38,64.36,17.24,16.36,13.65,9.57,13.76,11.7,42.78,17.28,14.51,11.05,7.01
CMNH,HTH 1708,Pan_troglodytes,40.99,10.8,12.84,9.03,7.15,9.19,10.31,73.48,9.96,12.12,8.57,7.23,11.16,15.54,64.1,17.79,15.79,13.64,8.23,12.13,10.86,45.91,15.79,12.66,10.4,7.87
CMNH,HTB 1718,Pan_troglodytes,43.15,12.27,12.51,9,7.21,9.06,9.03,83.75,10.74,9.36,8.41,6.35,9.7,13.64,62.07,18.18,14.41,14.34,9.14,12.26,11.31,44.21,15.54,11.61,9.02,6.85
CMNH,HTH 1722,Pan_troglodytes,44.72,12.07,12.77,9.58,7.4,10.08,10.08,80.25,10.23,10.33,8.23,6.64,9.87,13.66,63.29,18.06,15.37,14.71,10.06,12.79,11.54,41.33,17.23,12.47,10.44,7.8
CMNH,HTB 1738,Pan_troglodytes,41.19,10.83,12.49,8.53,7.57,9.41,11.74,80.52,9.67,11.57,9.06,6.66,10.31,13.12,61.5,17.28,15.55,14.11,8.97,12.79,10.75,45.17,16.51,13.46,10.13,7.78
CMNH,HTB 1739,Pan_troglodytes,39.22,12.92,13.43,8.3,5.66,9.19,9.5,76.91,9.77,10.14,8.69,6.69,10.31,13.41,59.96,17.78,15.61,13.23,8.44,12.13,10.65,44.49,16.48,11.72,8.65,7.23
CMNH,HTB 1758,Pan_troglodytes,41.17,11.57,12.33,8.65,8.02,9.13,10.19,79.74,9.74,9.92,8.77,6.51,9.61,13.19,60.38,17.8,15.3,15.18,9.14,12.57,11.08,45.63,15.96,11.95,10.8,7.71
CMNH,HTB 2026,Pan_troglodytes,45.19,12.18,14.64,9.14,7.76,10.58,10.36,79.98,9.64,11.9,7.94,6.56,10.46,14.09,63.19,19.06,15.66,15.43,10.65,14.69,11.27,47.61,18.01,12.96,11.14,8
CMNH,HTB 1745,Pan_troglodytes,36.85,10.25,11.84,7.96,7,9.18,10.54,74.33,7.65,10.43,7.27,8.32,9.68,12.92,59.78,14.72,14.15,12.5,8.94,11.82,10.77,43.78,14.6,12.46,9.1,7.41
CMNH,HTB 543,Pan_troglodytes,40.47,11.87,13.2,9.18,6.87,10.47,11.29,71.31,10.1,11.11,7.35,6.17,10.65,13.89,58.49,17.34,15.22,14.68,9,13.8,11.41,41.91,15.5,11.2,9.81,7.62
CMNH,HTB 1726,Pan_troglodytes,42.52,11.89,13.96,9.51,7.11,9.71,10.78,79.9,8.58,11.93,9.11,7.3,11.28,16.02,57.29,16.52,16.14,13.48,9.36,12.17,10.76,42.37,15.29,12.15,10.63,7.73
RMCA,29044,Pan_paniscus,42.4,11.41,12.23,8.35,6.89,10.6,9.98,72.67,9.16,8.74,7.37,6.25,8.76,11.16,53.38,15.03,13.11,10.85,6.52,11.88,9.45,38.48,13.44,10.1,8.78,6.45
RMCA,29060,Pan_paniscus,40.91,9.24,12,6.64,5.89,9.14,9.04,72.46,8.17,8.74,5.93,5.29,8.56,12.42,57.24,13.29,12.91,10.13,6.34,10.71,9.17,39.32,12.32,9.35,8.97,6.46
RMCA,29047,Pan_paniscus,43.6,11.52,13.2,7.93,6.56,9.56,10.99,77.97,8.96,11.94,7.29,5.67,9.38,12.26,63.5,15.6,15.76,11.31,7.64,13.13,10.37,44.59,15.07,11.1,10.21,6.11
RMCA,27696,Pan_paniscus,39.55,11.54,12.69,8.63,6,8.51,9.37,73.55,7.22,9.21,6.74,5.97,8.08,10.89,55.88,15.56,13.43,10.46,7.57,11.11,10.17,41.05,14.03,10.69,8.27,6.6
RMCA,29040,Pan_paniscus,40.05,10.99,12.75,8.8,7.14,9.89,10.58,72.75,7.93,8.01,6.81,6.09,9.08,11.17,57.49,15.26,14.18,11.68,8.07,12.03,10.04,41.57,13.75,10.1,9.35,7.02
RMCA,20881,Pan_paniscus,35.64,10.63,12.58,8.25,6,8.82,10.23,61.63,8.32,8.13,5.72,5.67,7.12,11.34,49.3,13.35,12.3,9.36,6.68,10.72,9.33,34.05,12.12,9.5,8.04,5.77
RMCA,20882,Pan_paniscus,36.52,9.93,10.4,6.55,5.68,8.28,8.84,64.58,8.22,7.89,6.14,5.52,7.41,10.56,50.1,12.92,11.94,9.64,6.59,10.31,7.89,34.59,12.08,8.63,7.62,5.52
RMCA,29052,Pan_paniscus,40.63,10.59,12.29,7.5,6.56,9.87,9.66,70.73,7.08,8.73,6.41,6.08,8.29,11.98,58.02,14.97,14.26,9.91,7.01,11.41,10.66,41.74,14.31,10.23,8.95,7.02
RMCA,29035a,Pan_paniscus,39.06,10.54,11.63,7.16,6.14,9.21,9.27,69.79,7.97,7.98,6.99,5.66,9.12,11.69,54.25,14.44,14.25,11.21,8.1,11.81,9.53,32.96,12.64,9.69,7.74,6.62
RMCA,29042,Pan_paniscus,37.64,10.15,12.22,7.64,5.87,8.52,9.94,70.07,9.09,8.84,6.4,5.71,8.37,11.29,53.12,15.17,14.34,11.48,8.58,11.9,10.04,38.69,14.35,11.2,9.45,6.62
RMCA,15294,Pan_paniscus,38.05,10.1,11.91,7.38,5.58,7.68,8.45,70.67,7.64,7.52,5.44,6.51,6.43,10.4,51.89,13.23,12.26,10.63,6.51,10.01,9.14,37.17,12.98,8.88,9,5.51
RMCA,27698,Pan_paniscus,37.51,10.25,11.38,7.63,6.65,8.48,8.45,68.8,7.49,9.35,6.05,6.41,7.44,11.32,53.04,14.27,13.46,11.12,7.43,10.81,10.14,37.66,13.36,10.11,8.75,6.51
RMCA,15296,Pan_paniscus,35.01,8.99,11,7.11,5.25,6.87,8.12,67.18,6.41,7.47,5.9,5.94,6.83,10.56,51.39,12.78,12.32,10.65,6.58,9.72,8.69,36.05,11.81,8.51,7.48,5.24
RMCA,15293,Pan_paniscus,36.69,9.74,11.32,7.74,6.09,8.37,8.24,67.86,8.46,7.92,5.64,5.39,6.84,10.27,52.31,13.58,12.78,10.62,6.5,10.97,8.56,37.65,13,9.27,8.11,5.51
RMCA,29045,Pan_paniscus,39.35,10.75,12.29,8.44,6.45,8.92,10.52,68.63,8.44,8.76,6.81,6,8.45,11.82,53.57,13.37,13.71,10.61,8.09,11.21,9.44,38.7,12.69,9.96,8.97,7.2
RMCA,15295,Pan_paniscus,34.61,9.73,11.09,7.07,5.39,7.59,8.46,67.83,6.06,8.24,5.56,5.71,7.17,11.58,53.26,13.9,12.68,10.34,6.73,10.56,9.43,38.77,12.87,9.53,8.39,6.64
MCZ,38018,Pan_paniscus,41.23,9.97,11.16,6.44,5.57,7.3,5.5,77.44,8.94,10.2,6.08,5.67,8.42,12.5,57.93,14.51,13.45,10.92,7.4,11.3,10.58,38.61,13.9,9.84,8.14,5.94
MCZ,38019,Pan_paniscus,37.42,11.6,11.85,7.58,5.62,9.35,8.32,68.18,7.3,8.22,5.6,5.06,7.8,11.54,52.2,13.95,13.08,11,7.12,11,9.8,36.48,13.06,10.42,8.55,6.4
AMNH,54091,Gorilla_beringei_beringei,42.13,12.2,13.69,10.68,7.08,10.28,9.93,69.24,12.12,12,9.92,7.75,12.25,14.93,50.65,17.42,14.14,14.49,10.42,12.76,9.46,34.06,14.56,11.1,10.76,6.02
AMNH,54090,Gorilla_beringei_beringei,50.19,17.26,17.03,14.09,11.25,15.33,13.32,81.32,14.43,14.16,16.2,8.95,17.08,18.08,57.18,21.56,17.89,18.82,11.47,16.06,12.71,39.07,18.66,13.49,12.33,7.67
AMNH,115609,Gorilla_beringei_beringei,52.65,16.42,18.21,13.56,9.46,15.17,14.38,91.35,17.88,17.63,17.11,10.6,17.29,19.86,68.21,25.24,20.27,25.52,13.12,18.44,14.99,48.72,22.68,14.95,15.8,9.83
AMNH,235603,Gorilla_beringei_beringei,50.85,16.46,20.23,13.33,9.09,14.24,15.13,93.73,17.24,18.11,11.27,11.49,14.96,20.68,66.64,25.13,21.8,20.94,12.44,18.17,13.5,47.02,22.51,14.84,15.25,8.82
RMCA,2257,Gorilla_beringei_beringei,49.07,18.16,20.59,18.16,11.24,13.48,13.82,80.3,17.19,16.79,15.76,10.09,16.07,17.58,57.28,22.01,17.15,20.52,12.67,14.83,11.86,38.12,18.63,13.29,13.13,7.52
RMCA,2263,Gorilla_beringei_beringei,40.15,13.98,14.11,11.48,8.44,11.08,11.62,67.66,13.61,12.03,9.92,7.36,12.55,14.12,49.12,17.76,14.95,16.3,10.6,13.38,9.54,34.17,15.9,10.99,10.85,6.68
RMCA,8608,Gorilla_beringei_beringei,42.02,15.57,15.67,12.2,7,10.85,12.09,73.3,12.6,15.34,12.76,7.91,13.71,16.94,54.21,19.29,15.73,16.95,8.65,13.97,10.87,36.6,15.21,11.29,11.5,6.49
USNM,239883,Gorilla_beringei_beringei,54.82,18.68,23.2,15.66,10,14.92,14.67,86.84,17.53,17.33,13.44,8.43,17.68,10.5,59.8,24.05,18.98,22.52,12.52,16.82,13.6,41.6,19.15,14.9,14.22,8.6
USNM,395636,Gorilla_beringei_beringei,47.96,18.25,20.92,16.6,10.56,14.7,13.27,81.63,17.72,15.5,16.07,8.58,15.2,19.22,58.2,21.28,17,18.97,11.48,15.86,12.32,39.84,19.18,12.48,13.55,8.2
USNM,397351,Gorilla_beringei_beringei,48.63,17.52,20.2,14.28,10.83,14.12,14.7,80.8,20.3,16.23,14.48,7.4,14.48,17.35,60.09,21.33,18.19,20.11,11.41,15.98,13.25,42.4,18.24,14.17,15.21,9.98
USNM,545045,Gorilla_beringei_beringei,44.52,14.45,15.4,11.9,7.33,11.46,11.4,74.33,11.96,12.26,10.86,7.27,11.82,14.19,52.39,18.24,16,15.48,9.62,13.53,10.15,37.29,15.39,11.66,11.52,7
USNM,545041,Gorilla_beringei_beringei,50.4,16.37,17.28,15.52,7.74,14.36,12.92,84.7,16.08,13.4,13.16,8.02,13.46,14.8,59.53,20.07,15.87,18.9,10.13,14.34,11.08,39.6,15.82,11.76,11.96,6.61
USNM,545046,Gorilla_beringei_beringei,40.79,12.35,12.72,10.25,7.09,10.44,9.7,68.56,11.77,13.04,10.06,7.43,10.64,13.14,48.35,17.21,13.82,14.85,8.65,12.58,9.32,33.81,14.34,10.25,10.77,6.09
RMCA,27755,Gorilla_beringei_graueri,38.8,14.04,14.97,10.35,7.42,12.14,11.42,65.02,12.65,12.86,8.41,9.4,12.35,15.78,52.81,16.68,14.57,16.16,9.79,13.78,10.59,38.44,15.07,11.42,11.46,6.93
RMCA,17785,Gorilla_beringei_graueri,47.83,18.24,17.66,13.55,9.46,17.1,14.51,88.64,17.25,16.08,13.1,8.71,16.56,17.88,60.59,23.17,18.25,22.66,12.05,16.96,13.9,44.37,19.87,14.22,14.29,9.29
RMCA,27839,Gorilla_beringei_graueri,38.34,13.92,13,10.98,7.26,11.57,10.92,68.11,13.03,11.84,9.02,7.43,11.67,15.05,51.76,17.32,14.15,16.3,9.66,13.17,10.55,36.48,15.17,11.03,11.08,6.53
RMCA,807,Gorilla_beringei_graueri,37.72,13.5,12.9,10.05,7.52,9.9,10.82,65.72,12.26,11.64,8.61,6.61,11.17,14.88,49.63,16.8,13.59,15.17,9.29,12.38,10.28,34.12,14.57,10.76,10.36,6.36
RMCA,27222,Gorilla_beringei_graueri,46.06,16.3,17.71,15.07,9.77,14,13.14,79.52,16.66,16.46,12.48,9.69,15.21,17.92,60.35,19.35,16.73,18.37,10.38,15.02,12.14,41,16.44,12.2,12.95,7.57
RMCA,813,Gorilla_beringei_graueri,41.64,12.98,13.39,9.62,6.39,11.03,10.89,67.6,13.76,11.83,9.15,7.46,11.32,14.73,51.13,16.41,13.05,14.11,8.41,11.97,9.73,35.11,14.23,11.03,10.64,6.14
RMCA,9581,Gorilla_beringei_graueri,46.38,14.69,19.17,12.74,9.23,14.09,12.73,86.25,19.21,16.19,13.24,10.46,15.97,17.97,61.48,23.4,17.76,20.24,12.77,17.34,13.24,42.62,21.61,14.92,14.55,8.87
MCZ,23182,Gorilla_beringei_graueri,53.17,19.2,18.5,14.6,10,15.5,14.67,90.95,17.78,16.16,9.88,10.35,15.85,17.97,65.3,24.68,17.63,21.22,11.81,17.7,14.15,46.8,20.94,14.98,14.6,9.31
MCZ,38017,Gorilla_beringei_graueri,50.05,17.46,18.24,15.78,9.9,14.72,13.14,86.42,17,15.35,14,9.2,17.92,20.07,63.74,21.6,17.3,22.45,11.93,16.5,13.24,44.62,18.86,12.94,13.95,8.63
FMNH,27551,Gorilla_beringei_graueri,49.92,16.6,19.2,14.4,8.8,14.44,13.71,84.73,15.9,16.04,11.7,9.7,15.5,19.9,60.1,21.31,17.13,20.27,11,16.1,12.31,43.15,18.08,14.2,14.08,8.3
CMNH,HTB 2787,Gorilla_gorilla,44.29,13.75,13.64,10.08,5.85,11.69,10.81,76.01,11.4,12.52,7.16,7.71,11.18,14.69,51.65,18.75,16.25,15.77,9.11,14.53,10.94,29.68,17.69,12.41,12.8,8.75
CMNH,HTB 1997,Gorilla_gorilla,47.01,14.24,15.35,10.11,7.55,12.02,10.5,76.3,11.32,11.2,9.57,8.09,11.27,12.78,54.27,20.3,16.92,17.31,11.19,14.15,10.53,39.68,18.27,12.6,10.8,6.71
CMNH,HTB 1999,Gorilla_gorilla,45.49,13.3,14.87,11.5,7.24,9.81,10.88,74.97,10.6,12.41,10.03,6.82,11.29,13,54.1,18.35,16.31,15.82,10.45,13.07,9.72,37.19,17.1,11.51,10.09,6.67
CMNH,HTB 2784,Gorilla_gorilla,47.2,14.11,13.96,10.96,6.87,12,12.03,80.37,11.3,11.47,8.76,7.05,11.92,14.29,56.57,18.97,16.78,15.5,10.63,13.86,10.86,40.32,16.64,11.81,11.15,6.98
CMNH,HTB 3405,Gorilla_gorilla,39.77,13.82,13.75,9.87,6.68,10.29,10.34,71.68,10.44,11.59,7.64,7.38,11.71,13.31,51.77,19.25,15.97,14.36,9.92,12.57,10.06,36.2,16.47,11.73,10.9,6.95
CMNH,HTB 1710,Gorilla_gorilla,43.06,11.73,14.1,9.62,7.36,9.99,11.15,73.59,11.51,11.06,8.11,8.37,10.58,13.55,50.47,17.59,17.3,14.71,9.88,12.46,9.65,36.02,15.83,11.49,10.02,6.81
CMNH,HTB 1725,Gorilla_gorilla,44.46,15.33,15.1,10.1,8.22,12.09,11.39,72.4,12.53,12.65,8.82,8.03,11.22,12.99,51.79,19.55,16.13,15.5,11.71,13.59,10.77,38.1,17.69,12.21,11.24,7.51
CMNH,HTB 1756,Gorilla_gorilla,40.27,14.59,14.06,8.31,6.89,10.83,11.38,70.88,10.85,12.18,8.64,6.44,12.71,15.66,49.63,18.31,15.65,14.42,10.57,13.24,10.69,35.17,16.61,12.78,11.14,6.56
CMNH,HTB 2000,Gorilla_gorilla,53.23,16.43,20.1,11.48,9.55,14.75,14.24,91.84,16.48,16.7,12.08,11.13,16.61,18.73,60.12,24.62,19.38,22.2,13.37,16.7,12.93,45.03,21.33,13.92,13.49,8.87
CMNH,HTB 2767,Gorilla_gorilla,53.58,17.09,18.91,11.21,7.96,11.82,13.08,87.98,15.52,13.99,10.17,7.39,12.79,15.75,63.74,22.74,19.19,18.75,14.37,16.07,13.08,46.11,20.81,14.92,13.61,8.91
CMNH,HTB 2741,Gorilla_gorilla,61.56,18.79,21.49,11.43,9.03,16.19,14.3,101.07,16.54,16.92,10.3,9.88,18.29,19.01,71,25.06,21.32,19.69,13.39,17.62,13.56,49.47,22.34,14.94,14.49,8.32
CMNH,HTB 2739,Gorilla_gorilla,58.37,16.95,18.08,11.76,8.8,14.94,14.94,95.35,15.52,16.09,10.23,10.69,16.43,18.31,66.44,24.76,20.08,20,14.33,17.3,13.22,47.21,21.4,14.58,13.82,8.57
CMNH,HTB 2826,Gorilla_gorilla,56.94,17.77,20.82,12.78,10.03,15.77,14.54,96.15,15.46,16.68,11.07,10.19,17.34,19.68,65.42,23.13,20.64,19.62,13.75,17.36,14.1,45.94,21.95,16.07,13.88,9.82
CMNH,HTB 1057,Gorilla_gorilla,46.18,16.86,15.66,12.15,8.51,11.7,13.34,85.95,15.09,15.68,10.39,10.55,14.64,15.92,63.4,22.86,18.86,18.49,12.69,15.36,13.31,43.42,19.43,14.47,13.28,9.12
CMNH,HTB 1430,Gorilla_gorilla,49.44,17.3,18.64,13.3,9.82,13.4,14.11,90.37,16.64,16.62,12.08,10.16,15.99,18.01,60.17,24.36,20.29,18.7,12.65,16.48,13.03,41.97,20.79,14.04,13.46,9.2
CMNH,HTB 1431,Gorilla_gorilla,57.42,18.08,18.07,12.25,9.55,14.95,13.65,89.51,14.85,14.37,10.19,8.72,14.71,15.44,63.3,22.73,19.95,20.91,13.43,17.44,13.64,45.45,20.75,15.08,13.7,8.62
CMNH,HTB 1709,Gorilla_gorilla,52.44,19.06,20.31,13.69,8.55,14.29,14.02,94.31,13.55,14.93,11.89,9.14,15.11,16.36,64.89,25.15,20.32,21.52,13.19,17.55,13.72,44.84,21.95,15.42,13.9,9.24
CMNH,HTB 1732,Gorilla_gorilla,56.79,16,17.84,13.21,9.57,14.64,14.02,97.17,15.59,15.79,11.5,10.38,15.56,17.21,63.51,26.61,22.04,20.26,12.89,17.81,13.85,47.85,22.85,15.7,13.83,8.51
RMCA,17202,Gorilla_gorilla,39.8,13.47,13.18,8.13,6.09,9.37,10.44,74.6,11.83,11.12,7.41,7.29,11.12,13.68,52.36,17.8,15.66,15.06,9.99,13.33,10.54,35.9,16.34,11.82,11.35,7.16
RMCA,9291,Gorilla_gorilla,46.11,17.06,17.46,10.27,8.73,13.18,12.36,88.58,16.12,14.13,10.09,9.77,13.7,14.92,60.74,21.39,16.81,16.65,12.12,14.43,11.19,42.84,19.31,13.37,12.23,7.75
AMNH,81651,Gorilla_gorilla,53.1,20.26,18.72,14.23,8.99,13.66,15.01,96.9,15.93,15.87,12.04,10.44,16.76,19.18,69.78,24.4,21.55,20.71,8.36,17.54,13.32,46.16,23.01,14.97,13.69,7.66
AMNH,81652,Gorilla_gorilla,44.22,14.65,14.5,10.12,7.69,11.15,11.33,77.45,14.26,12.81,7.65,7.83,13.54,14.57,54.67,19.74,16.95,15.7,7.56,15.34,11.13,39.16,18.51,12.71,12.19,7.38
AMNH,214103,Gorilla_gorilla,46.75,17.6,17.04,10.92,7.06,12.02,12.28,92.26,16.34,14.35,10.34,8.78,14.27,16.51,62.68,23.5,19.96,18.46,8.34,16.02,13.25,45,19.64,14.21,13.63,8.66
AMNH,167340,Gorilla_gorilla,43.83,13,14.67,8.64,7.26,10.62,11.63,73.94,12.67,12.41,7.78,7.68,11.37,13.75,55.73,19.71,16.71,15.44,7.75,14.39,11.08,39.18,17.15,12.75,11.37,7.07
AMNH,54327,Gorilla_gorilla,41.9,15.83,14.83,9.92,6.34,10.39,11.48,74.34,14.81,12.42,9.09,7.38,12.08,13.64,51.63,20.32,15.18,16.82,7.17,13.77,10.66,36.14,17.91,11.43,11.54,7.78
AMNH,167335,Gorilla_gorilla,54.07,17.62,18.93,14.01,9.06,17.31,15.38,90.19,16.31,15.37,11.1,9.32,13.65,17.64,64.19,22,20.11,19.83,10.6,15.7,12.33,45.89,19.17,13.89,12.22,8.13
AMNH,167338,Gorilla_gorilla,56.26,17.25,19.34,14.08,9.6,16.29,15.05,100.75,15.74,17.28,12.84,11.03,15.28,17.35,64.26,23.53,19.38,20.47,11.9,16.11,12.59,45.89,19.82,13.65,14.67,8.02
USNM,176225,Gorilla_gorilla,51.09,19.31,20.25,13.33,11.83,16.33,14.7,93.16,17.71,15.71,12.94,9.8,15.54,18.4,64.95,24.48,19.92,19.53,12.98,19.87,14.29,41.21,21.26,15.34,12.46,8.38
USNM,220324 J,Gorilla_gorilla,50.76,15.24,16.03,10.19,8.06,14.42,14.25,94.73,13.75,13.48,11.97,10.85,13.82,17.12,69.45,21.89,18.56,18.28,10.86,15.71,12.43,48.03,18.89,12.92,13.52,8.01
EvoMorph,1,Gorilla_gorilla,52.18,16.89,17.43,12.55,8.25,15.95,13.42,90.08,16.26,15.83,9.65,8.64,90.07,17.46,62.53,22.4,21.04,18.75,9.32,16.54,14.14,43.2,19.08,14.35,13.74,9.47
MVZ,174521,Gorilla_gorilla,47.8,16.67,15.75,13.58,7.65,12.55,13.87,81.63,15.9,15.22,7.88,10.78,13.28,16.21,61.6,21.37,17.98,16.55,12.21,15.75,12.02,44.6,21.06,13.92,12.78,7.29
MVZ,38931,Gorilla_gorilla,53.67,19.56,20,14.43,10.42,14.24,14.19,90.74,16.25,16.38,10.81,9.87,15.82,17,62.91,23.91,19.46,19.16,12.53,15.95,12.94,46,21.17,14.18,13.33,8.49
MVZ,38930,Gorilla_gorilla,59.57,19,20.89,13.85,9.14,15.3,15.51,96.09,16.17,16.55,12.64,9.68,15.84,17.6,64.66,25.56,20.42,19.32,13.23,17.24,14.16,44.45,22.16,15.06,13.71,8.91
MCZ,38326,Gorilla_gorilla,40.8,12.22,14.3,9.38,5.9,10,11.3,74.27,11.65,11.38,7.39,7.82,11.12,13.15,51,17.1,15.45,15.19,9.33,12.6,9.5,36.65,14.41,10.4,9.87,6
MCZ,17684,Gorilla_gorilla,42.96,14.24,15.1,10.6,6.64,12.12,11.5,71.77,13,12.42,8.73,7.42,11.66,14.13,53.7,20.42,16.6,16.46,10.34,13.64,11.23,37.55,17.74,12.42,10.66,7.23
MCZ,29048,Gorilla_gorilla,53.5,18.2,19.54,14.6,9.6,13.18,13,93.07,16.77,14.86,11.78,9.63,13.86,17.24,64.8,24.7,19.8,19.97,13.2,15.36,13.35,46.56,21.8,15.8,13.66,8.84
USNM,143588,Pongo_abelii,43.6,10.95,13.18,7.45,5.85,9.8,9.65,79.73,7.68,13.11,7.6,6.07,11.75,14.11,71.31,15.55,15.84,13,8.04,11.4,10.4,46.03,14.74,12.26,9.91,7.21
USNM,143594,Pongo_abelii,54.25,14.33,16.02,8.69,6.3,11.71,11.21,89.11,9.6,11.4,9.95,6,12,14.28,77.6,16.81,16.54,12.45,7.86,12,11.85,53.91,15.91,12.25,10.44,7.66
USNM,267325,Pongo_abelii,48.35,14.03,14.5,8.42,6.4,11.7,11.03,92.74,9.78,13.66,9.36,6.53,14.42,14.68,77.36,17.52,16.8,11.3,8.14,13.35,12.48,49.45,15.94,13.3,10.46,7.55
USNM,A22937,Pongo_abelii,43.37,11.65,11.7,7.34,5.32,10.05,9.48,77.05,8.55,12.65,6.87,6,11.08,13.11,63.79,12.6,12.6,11.68,7.03,10.8,9.28,41.64,12.71,9.98,8.87,6.35
EvoMorph,1,Pongo_pygmaeus,57.19,15.46,17.21,8.99,8.87,13.66,13.32,94.88,10.88,17.11,11.27,9,14,16.5,79.56,17.46,17,11.69,8.3,12.96,11.39,52.3,16.97,12.98,10.6,7.77
AMNH,28252,Pongo_pygmaeus,52.42,11.92,13.08,7.57,5.96,9.91,10.5,97.77,9.39,13.55,8.78,6.53,12.62,15.38,76.17,13.99,15.32,13.27,7.49,12,10.77,47.46,13.4,11.82,9.34,6.86
AMNH,61586,Pongo_pygmaeus,54.42,11.45,11.18,8.88,11.72,12.72,14.26,95,8.03,15.95,9.58,7.69,13.34,17.16,77.94,16.64,16.03,14.62,10.49,13.6,11.04,51.12,17.01,11.35,11.36,7.44
AMNH,200898,Pongo_pygmaeus,38.85,9.96,10.15,5.68,4.98,8.97,8.62,71.58,7.97,10.5,5.74,5.33,9.48,12.38,63.69,12.81,12.99,9.42,6.47,10.55,7.93,40.63,12.6,11,9.6,6.07
AMNH,200900,Pongo_pygmaeus,38.65,8.97,10.95,6.22,4.86,10.24,9.34,84,8.93,11.87,7.14,6.38,10.23,15.14,69.5,11.9,11.36,10.59,6.99,12.24,10.33,44.84,14.83,11.47,10.07,6.82
AMNH,239847,Pongo_pygmaeus,43.74,12.23,11.77,8.89,5.5,9.58,9.54,88.48,8.4,11.84,7.88,7.59,11.33,14.34,70.33,14.23,14.94,11.22,8.45,11.44,10.63,43.76,13.63,10.44,9.13,6.46
AMNH,28253j,Pongo_pygmaeus,46.04,11.62,13.47,6.97,5.8,11.25,10.2,84.51,9.47,13.47,6.55,5.55,11.5,13.01,73.12,15.59,14.99,9.95,6.63,11.44,9.52,44.16,13.21,11.13,9.47,5.96
USNM,153823,Pongo_pygmaeus,50.41,14.37,14.9,9,7.15,11.96,11.1,90.61,11.49,15.32,9.03,7.65,13.4,16.79,80.9,15.92,16.57,11.49,8.28,12.51,11.46,54.13,15.67,13.12,10.59,7.53
USNM,588109,Pongo_pygmaeus,47.6,12.57,14.78,8.13,7.32,10.9,11.52,93.18,9,12.7,8.3,7.37,13.07,16.35,77.8,17.7,17.15,15,11.1,12.7,13,52.22,17.33,13.21,11.83,8.21
USNM,153805,Pongo_pygmaeus,39.09,11.89,11.34,6.36,5.34,10.18,8.34,75.61,9.12,12.15,8.27,7.93,10.67,12.18,63.94,14.29,13.45,10.19,6.96,10.06,8.69,40.87,13.27,10.93,8.7,5.61
USNM,153821,Pongo_pygmaeus,42.88,10.65,12.16,5.53,4.73,8.63,8.83,76.01,8,10.62,6.21,5.03,10.21,12.73,64.99,14.01,13.56,10.02,6.26,10.6,9.45,45.74,13.47,10.47,9.49,6.23
USNM,145302,Pongo_pygmaeus,43.02,12.4,12.28,7.61,5.44,9.56,9.36,84.8,9.08,12.5,6.88,6.14,11.58,12.2,67.87,15.83,14.18,11.64,7.15,11.5,9.02,45.9,14.08,11.22,9.18,6.41
USNM,49962/145305,Pongo_pygmaeus,57.1,15.33,17.44,10.66,8.67,13.12,12.8,98.96,10.76,15.14,11.89,9.12,14.17,16.9,80.49,18.74,18.75,14.36,9.96,13.82,12.11,55.46,19.05,13.87,11.14,8.16
USNM,49963/145306,Pongo_pygmaeus,46.1,13.57,15.68,7.06,6.07,11.31,9.12,84.52,9.73,13.21,7.08,6.17,11.91,12.53,70,15.73,14.75,11.07,7.24,11.94,10.26,46.33,15.86,11.84,9.61,6.71
USNM,49965/145308,Pongo_pygmaeus,48.32,13.99,13.7,7.49,6.3,10.08,10.26,90.05,9.01,13.16,7.03,6.34,11.47,13.07,75.38,14.91,15.3,11.02,8.15,12.02,10.08,51.06,14.79,11.6,9.68,7.29
USNM,49966/145309,Pongo_pygmaeus,47.22,13.5,13.44,7.4,5.6,10.97,10.85,86.83,9.34,13.4,7.48,6.45,12.04,13.3,72.08,14.77,14.76,10.77,7.27,11.49,10.52,49.69,14.69,11.22,9.39,7.16
USNM,49967/145310,Pongo_pygmaeus,52.93,14.65,15.96,8.94,7.64,13.28,12.3,99.82,11.44,15.14,8.88,7.54,13.33,17.38,79.33,17.61,17.09,13.3,8.87,13.3,12.51,52.33,16.13,13.34,11.06,8.49
USNM,49961/145304,Pongo_pygmaeus,55.41,12.91,14.32,8.53,7.06,11.39,11.73,104.26,11.28,16.01,10.64,7.79,12.69,17.53,76.83,17.98,18.78,15.64,12.18,14.35,12.35,51.98,17.38,13.37,10.5,7.96
MCZ,37362,Pongo_pygmaeus,53.3,16.54,18.5,12.38,7.6,14.5,13.82,88.22,12.82,15.12,8.6,7.8,13,14.5,76.13,17.91,18.15,11.5,9.27,15.41,13.5,43.55,17.31,12.8,11.43,8.4
MCZ,37363,Pongo_pygmaeus,48.3,11.84,12.71,7.11,6.4,10,9.14,84.72,11,13.65,6.95,6,11.17,13.15,71.86,14.85,14.06,12.08,6.87,11.16,9.56,45.33,13.42,11.05,9.12,6.8
MCZ,37365,Pongo_pygmaeus,46.56,13.26,15.5,8,6.15,10.83,9.34,86.58,9.3,13.2,7,6.4,10.93,12.55,72.33,15.45,14.76,12.62,8.26,11.95,8.63,44.74,15.08,11.95,11.8,7.92
MCZ,50960,Pongo_pygmaeus,45.9,12.95,14.5,9.3,6.4,9.9,11.11,97.3,10.8,15.18,10.45,8,13.3,15.85,83.4,18.4,15.57,14.87,9.2,13.9,11.05,60.12,17.9,13.57,10.42,7.9
CMNH,HTB 1443,Pongo_pygmaeus,45.02,10.15,11.65,6.1,5.13,9.32,8.12,81.41,7.38,8.6,6.66,5.54,8.85,11.27,67.78,13.66,13.38,11.27,6.54,10.44,9.53,41.54,13.39,10.62,8.76,5.97
CMNH,HTB 1030,Pongo_pygmaeus,39.87,12.22,11.51,7.07,5.38,9.87,9.89,81.66,7.87,11.6,6.87,5.63,11.21,13.33,70.35,15.32,14.11,10.82,6.76,11.62,9.13,40.83,13.48,10.38,9.28,6.23
CMNH,HTB 1055,Pongo_pygmaeus,44.03,11.68,11.54,6.6,5.25,9.32,9.48,79.94,8.54,11.41,6.51,5.87,11.5,12.94,67.72,13.89,14.05,11.17,7.03,11.13,9.14,43.26,12.71,10.3,8.56,6.39
FMNH,33533,Pongo_pygmaeus,47.06,12.42,13.57,6.32,6.91,10.57,9.94,81.15,9.46,11.7,7.8,6.37,11.48,12.71,65.5,14.26,14.78,11.5,7.5,11.73,9.9,44.77,13.34,10.72,8.4,6.6
FMNH,33536,Pongo_pygmaeus,43.8,12.3,13.18,5.45,5.5,9.36,8.9,78.1,8.6,11.4,6,5.46,10.3,11.95,65.65,14.1,13.4,10.7,5.87,11.12,8.94,45.1,13.41,11.42,8.8,6.28
CMNH,HTB 1444,Pongo_pygmaeus,48.25,12.19,13.35,7.56,5.72,12.09,9.93,95.08,9.18,12.75,9.92,6.77,12.94,13.16,73.86,18.52,15.44,15.19,8.59,11.52,10.83,44.63,14.68,12.28,11.14,6.99
CMNH,HTB 0623,Pongo_pygmaeus,51.05,14.25,15.12,9.77,6.77,10.42,11.41,92.9,10.63,16.74,9.47,7.7,12.24,15.06,76.51,15.35,16.48,11.52,8.82,12.31,10.43,48.25,14.62,12.94,10.58,7.69
AMNH,11092,Hoolock_hoolock,29.09,6.46,6.62,3.28,2.69,5.79,5.03,45.89,4.85,4.52,2.75,2.74,5.34,5.95,44.44,7.53,7.32,5.76,4.18,6.16,5.95,33.03,6.94,6.41,5.18,3.91
AMNH,83423,Hoolock_hoolock,30.45,6.61,7.01,3.74,3.07,5.52,5.05,44.17,5.14,4.39,3.31,3,5.06,5.78,43.77,7.74,7.76,6.13,4.45,6.4,5.85,33.99,7.71,6.36,5.39,3.79
AMNH,112676,Hoolock_hoolock,32.11,7.06,6.83,3.38,3.28,5.65,5.29,45.69,4.61,4.05,3.37,3.24,5.04,5.97,42.66,7.96,7.63,5.74,4.43,6.71,5.65,31.46,7.53,6.42,5.57,3.99
AMNH,83420,Hoolock_hoolock,29.65,6.33,6.86,3.82,3.25,6.21,4.97,44.78,4.65,4.19,3.07,3.17,4.73,6.06,41.32,7.57,7.7,5.9,4.09,6.43,5.37,30.75,7.39,6.38,6.06,3.54
AMNH,112720,Hoolock_hoolock,32.81,6.26,6.54,3.21,3.06,5.59,4.77,45.58,4.18,3.95,3.15,3.2,5.17,5.6,42.74,7.15,6.83,5.63,4.66,5.66,5.35,31.98,6.66,5.59,5.39,3.94
AMNH,80068,Hoolock_hoolock,32.24,6.34,6.88,3.36,2.96,5.35,5.6,51.17,4.2,4.34,2.91,3.24,5.56,6.23,46.84,8,7.63,5.67,4.12,5.54,6.26,35.21,6.83,6.78,5.3,4.05
MVZ,99336,Hoolock_hoolock,26.78,6.55,6.85,3.43,3.1,4.29,4.71,40.96,3.62,3.7,2.7,2.78,4.73,5.93,40.07,7.16,7.2,6.34,4.9,5.26,5.83,29.74,6.58,6.2,4.12,3.49
USNM,545009,Hoolock_hoolock,35.74,6.86,7.24,3.95,3.34,5.25,5.28,48.6,4.8,4.66,2.5,3.04,4.96,5.85,45.98,7.64,7.48,6.43,5.37,6,6.08,35.44,7.72,6.08,5.28,3.8
AMNH,103667,Hylobates_agilis,37.37,6.7,7.2,3.58,3.34,5.86,5.08,51.76,4.07,4.07,2.92,3.78,4.73,5.54,49.51,7.29,7.63,5.88,4.52,6.83,5.97,35.17,7.04,6.88,7.36,5.4
AMNH,103664,Hylobates_agilis,33.88,6.74,7.06,3.85,3.2,6.58,5.78,49.05,4.22,3.96,2.94,3.11,5.19,5.36,43.98,7.79,7.11,5.81,4.24,5.27,5.43,33.34,7.51,5.73,4.7,3.3
AMNH,106575,Hylobates_agilis,30.23,6.77,6.91,3.41,2.67,5.37,4.45,45.04,3.86,4.09,3.13,3.4,5.15,5.36,43.08,6.99,6.6,5.16,3.87,5.99,5.62,31,6.92,5.96,5.24,3.4
USNM,49694-123155,Hylobates_agilis,35.11,7.35,7.62,3.58,3.55,6.46,6.15,51.3,4.6,4.15,3.2,3.84,5.35,6.42,49.57,7.7,8.09,6.48,4.9,6.35,6.97,34.76,8.19,7,5.45,4.5
CMNH,HTB 1048,Hylobates_agilis,31.84,6.93,6.37,3.39,2.84,5.66,4.67,45.41,3.78,3.57,2.46,2.57,4.77,5.23,42.36,6.82,6.73,5.74,3.87,5.56,5.67,32.56,6.15,5.85,4.74,3.53
AMNH,103344,Hylobates_klossii,30.7,6.81,6.66,3.36,3.22,5.94,4.73,41.31,4.38,4.44,2.78,3.01,4.8,4.8,37.03,6.91,6.06,6.11,4.06,6.2,5.06,25.94,6.57,5.31,4.9,3.33
AMNH,103347,Hylobates_klossii,27.2,6.29,6.81,3.47,3.22,6.27,4.83,32.15,3.81,3.72,2.72,3.01,4.69,3.31,34.82,6.62,5.93,5.94,4.26,5.67,5.28,25.62,6.43,5.4,4.78,3.41
AMNH,119601Z,Hylobates_klossii,33.45,6.43,6.87,3.62,3.51,5.38,5.17,49.44,3.55,3.3,2.47,2.71,4.07,5.24,46.66,7.31,6.68,6.09,4.02,5.41,5.95,33.7,7.05,5.97,5,3.85
USNM,49656,Hylobates_klossii,28.77,6.41,6.65,3.2,3.02,5.18,4.75,39.36,3.66,4.12,2.77,3.07,5.06,5.33,38.02,7.04,6.08,5.88,4.04,5.82,5.22,26.07,6.88,5.27,4.8,3.42
USNM,49657,Hylobates_klossii,28.35,6.29,6.75,3.2,2.96,5.24,4.58,40.15,4.15,3.8,2.84,3.15,4.73,5.52,35.95,6.6,6.13,6.3,4.16,5.36,5.12,26.12,6.41,5.26,4.78,3.5
AMNH,140230Z,Hylobates_lar,35.37,7.86,7.32,4.11,3.26,6.25,5.09,48.41,4.66,4.68,3.28,3.03,5.39,5.94,45.72,8.03,7.64,6.29,4.11,6.68,5.97,32.18,7.49,6.36,5.68,3.86
MVZ,124187,Hylobates_lar,32.9,6.6,6.44,3.63,2.5,4.51,4.6,43.45,3.73,3.82,2.57,2.53,4.4,5.1,41.17,6.81,6.8,5.37,3.78,5.04,5.07,30.4,6.92,5.83,4.17,3.73
MVZ,123696,Hylobates_lar,34.4,6.8,6.74,3.92,3.16,4.8,5.28,49,3.97,3.57,2.74,2.77,4.15,5.1,45.4,7.3,7.15,6.96,5.24,5,5.6,32.43,7.5,5.74,4.28,3.6
USNM,271047,Hylobates_lar,34.43,5.93,6.53,3.35,3.11,5.36,4.91,48.93,3.64,4.5,2.8,3.45,4.7,5.13,44.45,6.78,6.8,5.67,4.43,5.37,5.72,33.09,6.66,6.35,5.23,3.62
MCZ,41440,Hylobates_lar,34.12,6.61,6.3,3.48,3.02,5.07,5.3,46.54,4.3,3.42,2.4,3.28,4.36,5.5,42.87,6.95,6.57,5.58,4.32,5.5,5.34,31,6.76,5.65,4.97,3.46
MCZ,41441,Hylobates_lar,37.02,7.48,7.27,3.76,3.34,5.26,5.41,51.2,4,4,2.63,3.52,4.64,5.85,45.86,7.73,7.8,5.9,5.25,5.71,5.82,33.14,7.67,6.2,5.36,3.65
MCZ,41439,Hylobates_lar,35.15,7.3,6.3,3.93,3.04,5.25,5.32,49.53,4,4.36,2.9,3.66,4.8,5.6,48.05,7.5,7.57,6.48,5,5.67,5.76,33.6,8.15,6.41,5.5,3.52
MCZ,41442,Hylobates_lar,36.57,6.62,7.38,3.74,3.31,5.05,5.04,54.81,3.66,3.75,2.84,3.74,5,6.62,49.76,7.46,7.41,6.31,4.44,6.26,5.82,35.27,7.7,6,5.38,3.63
MCZ,41433,Hylobates_lar,33.7,6.08,6.36,3.5,2.63,4.88,4.65,49.5,3.24,3.42,2.62,3.24,4.36,5.73,44.88,6.64,7.14,6.1,4.2,5.23,5.85,31.97,6.53,5.93,4.97,3.53
MCZ,41445,Hylobates_lar,32.9,6.75,6.51,3.22,3.04,5.5,5.07,47.22,3.61,3.26,2.77,3.28,4.35,5.66,42.98,6.9,6.92,5.53,3.94,5.5,6.09,31.26,6.74,5.76,5.1,3.73
MCZ,41447,Hylobates_lar,38.31,7.31,7.74,3.67,3.31,5.3,5.4,54,4.25,3.8,2.81,3.52,4.8,6.5,49.8,7.8,7.35,5.93,4.97,5.63,5.96,34.84,7.1,6.44,5.34,3.63
MCZ,41449,Hylobates_lar,34.7,6.75,7.05,3.64,2.93,5.34,4.74,51.11,3.5,3.45,2.46,3.72,4.36,5.4,44.86,7.25,6.84,5.8,4.2,5.72,5.7,32.47,7.51,5.94,5.31,3.62
MCZ,41448,Hylobates_lar,34.2,6.81,7.14,3.63,3.1,5.25,5.18,50.92,4.15,3.57,2.91,3.52,5.12,5.46,44.96,7.45,7.26,6.22,4.54,5.72,5.64,32.45,7.3,5.97,5.42,3.37
MCZ,41451,Hylobates_lar,34.24,7,7,3.67,3.09,5.24,5.18,46.76,4.31,3.52,2.8,3.64,4.47,6,43.5,7.64,7.34,6.08,4.6,5.87,5.41,30.82,7.56,6.1,5.24,4.17
MCZ,41456,Hylobates_lar,37.19,7.61,8.05,4,3.4,5.78,5.9,50.9,4.42,4.12,3.07,3.65,4.85,6.5,46.72,7.6,7.98,6.45,5.09,5.93,6.4,32.75,7.35,6.77,5.46,3.91
MCZ,41454,Hylobates_lar,35.18,6.76,6.02,3.27,2.83,4.95,5.09,50,3.86,3.45,2.58,3.24,4.58,5.88,44.05,6.66,7,5.5,3.84,5.16,5.58,31.92,6.73,5.68,5.13,3.5
MCZ,41458,Hylobates_lar,34.44,6.75,6.9,3.3,2.72,5.44,4.76,50.57,3.91,3.7,2.22,3.36,4.78,6.07,46.6,7.26,7.35,5.97,4.2,5.37,5.62,32.72,7.22,6.08,4.6,3.47
MCZ,41464,Hylobates_lar,36,6.71,6.58,3.66,3.28,5.2,5,51.77,4.13,4.1,3.11,3.73,4.7,5.78,45.71,7.08,7.02,6.2,4.5,5.85,5.76,33.67,7.37,5.92,4.71,3.78
MCZ,41463,Hylobates_lar,35.21,6.6,6.7,3.45,2.98,4.93,4.96,49.14,3.74,3.74,2.78,3.26,4.37,5.45,44.88,7.07,7.6,5.23,4.27,5.4,5.7,33.35,7.13,6.16,5.46,3.64
MCZ,41469,Hylobates_lar,37.2,7.09,7.1,3.62,3.14,4.91,4.78,53,4.04,3.6,2.61,3.75,4.56,5.85,47.57,7.33,7.5,6.06,4.76,5.71,5.5,33.86,7.67,6.24,5.22,3.55
MCZ,41471,Hylobates_lar,37,6.65,7.22,3.7,3.11,5.26,5.4,49.71,3.71,3.61,2.51,3.3,4.35,5.85,45.42,6.8,6.86,5.67,4.17,4.91,5.48,31,6.88,5.86,4.86,3.21
MCZ,41484,Hylobates_lar,36.22,7.6,7.52,3.87,3.25,5.72,5.53,51.75,3.89,4.36,2.8,3.92,5.15,6.24,45.34,7.54,8.1,6.23,4.47,6.1,6.21,34.54,7.72,6.25,5.62,4.13
MCZ,41481,Hylobates_lar,31,5.8,6.22,3.08,2.8,4.37,4.37,47.3,3.46,3.31,2.41,3.05,4.03,5.45,42.89,6.56,6.65,5.88,3.96,5.2,5.62,29.82,6.37,5.55,4.6,3.46
MCZ,41485,Hylobates_lar,35.8,6.8,6.88,3.78,2.84,5.33,5.47,47.97,4.6,3.8,2.68,3.32,4.78,5.67,46.59,7.27,7.08,6.58,4.78,5.36,5.7,35.15,7.63,6,4.8,3.86
USNM,198840,Hylobates_muelleri,28.6,6.84,6.87,4.11,3.32,5.14,5,42.5,4.74,3.78,3.36,3.14,5,5.4,40.13,7.38,6.41,5.83,4.26,5.9,5.58,29.57,6.6,5.9,4.8,3.78
MCZ,37378,Hylobates_muelleri,34.87,6.86,6.57,4.04,3.34,5.4,5.6,49.27,3.72,4.13,3.26,3.63,4.59,5.56,46.94,7.18,7.06,5.9,5.51,5.4,5.7,35.61,7.04,5.9,4.55,3.5
AMNH,87252,Nomascus_concolor,36.95,6.29,6.9,3.21,3.02,5.36,5.59,50.29,4.36,4.44,2.9,3.21,5.63,6.02,43.38,7.34,7.15,5.99,3.99,6.17,6.01,32.46,6.51,6.23,4.71,3.45
AMNH,87253,Nomascus_concolor,35.12,6.96,7.47,3.89,3.36,5.7,5.71,47.79,4.55,4.99,3.39,3.14,5.65,6.34,46.93,8.58,8.11,6.38,4.57,7.55,6.36,36.37,8.27,6.76,5.19,3.97
CMNH,HTB 0161,Nomascus_concolor,35.59,7.02,7.51,4.32,3.19,5.24,5.11,53.06,4.2,4.16,3.62,3.47,5.59,6.24,49.96,7.91,7.5,6.36,5.46,5.68,5.95,38.42,7.32,6.65,4.8,3.98
EvoMorph,1,Symphalangus_syndactylus,38.25,9.59,8.37,4.66,3.51,6.05,5.67,53.29,4.37,6.2,2.84,3.88,5.49,7.56,52.3,9.48,9.75,7.01,4.44,8.31,7.49,36.42,9.32,7.73,5.86,4.71
AMNH,106583,Symphalangus_syndactylus,37.87,7.49,7.9,3.68,3.83,7.18,6.3,53.54,5.16,6.02,3.49,3.96,5.51,6.73,50.82,8.45,8.81,7.49,4.67,7.46,6.51,34.98,8.25,7.03,5.84,4.31
USNM,395514,Symphalangus_syndactylus,34.97,8.6,8.91,4.15,3.2,5.7,6.57,48.65,4.89,5.92,3.6,3.4,5.83,8.2,46.09,9.31,9,7.97,4.98,6.27,6.73,30.78,7.9,7.25,5.63,4.58
USNM,395691,Symphalangus_syndactylus,30.24,6.73,6.56,3.12,2.76,4.94,4.63,41.51,3.47,4.66,2.97,2.98,4.64,6,40.33,7.42,7.3,6.93,3.98,6.09,5.58,26.51,6.94,6.17,4.7,3.46
USNM,271048/20204,Symphalangus_syndactylus,37.05,7.77,7.9,3.57,3.12,6,5.57,53.61,5.13,4.41,3.22,3.72,5.34,6.83,50.83,8.66,8.42,7.51,4.26,6.61,6.14,34.55,8.57,6.8,5.3,4.25
USNM,143579,Symphalangus_syndactylus,33.85,6.83,7.5,3.15,3.12,5.77,5.66,48.1,4.36,5.11,2.78,3.55,4.97,6.6,45.7,8.07,8.11,6.65,5.04,7,6.8,31.1,8.22,6.64,6.11,4.4
USNM,519573,Symphalangus_syndactylus,37.98,7.78,8.28,4.16,3.54,6.34,7.1,54.4,6,5.34,3.7,3.4,5.54,6.95,49.75,9.23,9.2,8.25,5.72,7.5,7.09,34.3,8.74,7.64,5.75,4.65
AMNH,52641,Cercocebus,24,8,6.61,4.4,2.9,5.74,5.5,35.92,6.2,5.4,2.88,3.61,5.5,5.87,27.95,7.89,6.36,4.57,3.34,5.58,3.91,18.04,6.39,4.55,4.65,2.94
MCZ,34138,Cercocebus,25.5,7.63,6.5,4.14,3.05,5.7,5.2,39.4,6.37,5.4,3.22,3.7,5.58,6.08,29.08,7.4,6.09,4.95,3.85,5.22,3.62,20.26,6.11,4.55,4.8,2.7
MCZ,6350,Cercocebus,25.2,8.9,7.2,4.8,3.74,6.6,6.13,43.33,7,6.54,3.91,4.37,6.41,6.52,31.36,8.9,6.6,6,2.89,5.87,4.36,20.46,7.21,4.9,5,3.2
FMNH,73806,Cercocebus,25.25,8.47,6.9,4.11,3.68,6.61,6.25,40.45,6.55,6.3,3.7,4.3,6.46,6.56,30.09,9.09,6.83,5.95,3.8,6,4.8,20.3,7.2,5.06,5.2,3.4
FMNH,226784,Cercocebus,21.12,6.67,5.35,3.4,2.5,5.15,4.8,35.18,5.24,5.31,2.7,3.3,5.09,5.46,25.31,6.82,5.25,4.5,2.97,4.95,3.7,18.13,6.17,4.4,4.6,2.84
AMNH,89357,Mandrillus_sphinx,28,8.84,6.96,3.83,3,6.78,6.5,44.25,6.92,5.62,3.17,3.82,6.32,6.94,29.15,8.6,6.85,5.3,3.57,6.13,4.47,19.2,7.05,4.87,5.16,3.11
AMNH,89362,Mandrillus_sphinx,37.6,10.36,9.66,4.95,4.35,8.48,8.21,59.5,9.75,7.56,4.15,5.32,9.13,9,36.23,10.73,8.5,7,4.31,7.4,5.56,25.25,8.6,6.05,6.2,3.62
AMNH,89364,Mandrillus_sphinx,41.5,12.96,11.8,6.86,4.9,9.1,8.55,61.56,12.15,10.1,5.51,5,10.04,10.2,37.4,12.34,9.02,8.26,5.22,8.32,6.17,26.24,10,6.22,6.78,4.54
AMNH,89365,Mandrillus_sphinx,30.15,8.62,7.73,4.46,3.7,6.6,6.14,46.3,7.2,6.37,4.2,3.73,7.23,7.74,30.35,9.3,7.15,5.88,3.8,6.04,4.73,20.84,7.2,5.13,5.4,3.05
EvoMorph,1,Mandrillus_sphinx,37.4,10.04,8.29,5.18,4.3,7.65,7,58.26,9.6,9.4,4.3,5.75,8.47,7.9,35.51,10.32,7.71,6.37,4.8,6.95,5,22.5,8.18,6.04,5.77,3.5
RMCA,99.077.M01,Mandrillus_sphinx,29.32,8.21,7.39,4.94,3.38,6.36,6.08,45.04,7.67,6.88,3.84,4.91,6.9,7.32,29.07,7.17,5.24,4.93,3.56,6.02,4.62,20.32,7.16,4.8,5.47,3.03
RMCA,38805,Mandrillus_sphinx,39.45,12.09,9.93,5.92,4.51,8.04,8.22,57.58,11.6,7.68,4.79,4.88,8.53,8.96,37.63,12.04,9.06,7.87,5.44,7.24,5.53,24.16,9.7,6.47,6.12,4.29
MVZ,47164,Mandrillus_sphinx,30.7,8.42,7.05,4.77,3.45,6.26,5.93,50.64,6.98,6.64,3.97,4.95,7.15,6.98,32.6,8.54,6.93,6.15,4.12,5.95,4.56,20.75,6.9,4.77,4.92,3.08
MCZ,34090,Mandrillus_sphinx,36.66,11.27,9.56,5.6,4.92,8.58,8.36,55.64,8.84,8.05,3.98,5.5,8.13,8.21,36.16,10.48,8.31,6.87,5,6.72,5.83,24.4,8.4,5.93,6.21,4.2
MCZ,34089,Mandrillus_sphinx,37.65,10.96,9.5,5.36,4.77,8.53,7.75,58.05,10.48,9.5,5.09,5.63,8.9,8.63,34.64,10.83,8.38,7.68,4.85,6.9,5.61,23.5,8.84,6.03,6.15,3.96
FMNH,99426,Mandrillus_leucophaeus,38.33,12.47,11.9,6.15,5.32,8.86,8.87,54.93,8.6,9.34,4.28,5.15,8.82,8.65,36.91,11.81,9.05,7.26,4.73,7.82,6,24.48,9.85,6.76,6.62,4.11
FMNH,48945,Mandrillus_leucophaeus,34.6,10.66,9.3,5.7,4.66,7.53,7.32,51.57,8.74,8.55,4.54,5.44,8.24,8.25,33.95,10.21,7.95,6.9,4.8,6.8,5.42,22.5,8.53,6.08,5.78,4.2
FMNH,46403,Mandrillus_leucophaeus,35.8,11.46,11.52,5.41,4.68,8.65,8.86,53.15,9.52,9.92,4.66,5.88,9.43,9.28,34.13,11.75,8.9,7.25,4.9,7.68,6,22.44,10,6.56,6.74,4.15
AMNH,52596,Lophocebus,20.3,6.09,5.3,3.82,2.7,5.23,5,34.61,5.75,4.7,2.63,3.22,5.21,5.45,27.6,6.87,5.15,4.43,3,4.78,3.6,17.94,6.04,4.38,4.7,2.6
HERC,LHES 38,Lophocebus,16.86,5.72,5.11,3.56,2.83,4.35,4.71,28.61,4.61,4.28,2.57,3.07,4.89,5.03,24.58,6.93,5.04,4.85,2.82,4.49,3.35,12.52,4.87,3.67,3.75,2.15
MVZ,120291,Lophocebus,23.2,6.41,5.6,4.05,3.4,5.41,5.57,37.78,6.94,5,3.15,3.84,5.6,6.03,27.75,7.02,5.22,5,3.41,4.47,4,20.8,6.57,4.78,4.96,3
MCZ,37928,Lophocebus,21.83,6.57,6,3.64,2.7,5.2,5.48,36.09,6.06,5.23,2.66,3.43,5.52,5.95,30.6,7.5,5.54,5.1,3.03,4.68,3.88,21.88,6,4.7,5.45,2.93
FMNH,47048,Lophocebus,23.3,8.1,6.46,4.3,3.23,6.2,5.94,38.73,6.88,6.36,3.5,4.2,6.35,6.7,31.76,9.3,6.57,6.05,4,5.67,4.6,20.77,7.48,5.08,5.4,3.21
FMNH,73809,Lophocebus,17.1,4.94,4.37,2.8,1.8,4.3,3.8,24.2,4.47,4,2.4,2.13,4.37,4.2,22.67,6,4.46,3.9,2.42,4.36,3.23,14.87,5.26,3.9,3.77,2.4
MVZ,20898,Macaca_maura,26.91,7.68,6.3,4.37,3.45,5.27,5.74,38.45,7.56,5.97,3.63,4.3,6.25,6.28,30.2,8.28,6.64,5.45,3.48,5.65,4,18.23,7.08,4.94,5.91,3.11
MVZ,154159,Macaca_mulatta,27.87,8.43,6.97,4.66,3.18,6,5.97,42.84,7.24,7.02,3.52,4.16,6.63,6.58,32.58,9.22,6.39,6.23,3.85,5.62,4.31,21.9,6.92,5.02,5.59,3.25
MVZ,122335,Macaca_nigra,26.41,7.2,6.53,3.83,3.2,5.75,5.98,38.84,6.66,6.7,3.36,4.45,6.49,6.4,29.22,8.08,6.03,5.65,3.8,5.27,4.2,19.8,7,4.74,5.15,3.13
MVZ,134148,Macaca_nemestrina,26.88,8.34,7.2,4.11,2.9,6.35,5.66,41.37,6.85,6.41,3.45,3.4,6.42,6.44,30.41,8.4,5.85,5.68,3.45,5.94,4.27,19.65,6.74,4.71,5.4,2.83
MVZ,20899,Macaca_nemestrina,24.44,7.88,6.82,4.28,3.19,5.27,5.24,35.45,5.91,5.8,3.44,3.53,6,6.16,28.42,8.32,6.23,5.53,3.48,5.73,4.13,19.11,6.54,4.65,5.36,2.7
MCZ,35602,Macaca_nemestrina,25,7.38,5.46,3.81,2.82,5.52,5.25,35.57,6.08,5,3.15,3.33,5.71,6,27,7.8,5.84,5.37,3.08,4.98,3.98,19.2,6.47,4.57,4.65,2.63
MCZ,35631,Macaca_nemestrina,23,7,5.25,3.6,2.61,4.8,4.88,35.33,4.97,5.45,2.75,3.5,5.54,5.74,26.15,7.37,5.5,4.27,3,4.7,3.67,17.77,5.88,4.35,4.52,2.46
MCZ,35687,Macaca_nemestrina,21.4,6.35,5.23,3.27,2.79,4.57,4.44,32.35,5.03,4.37,2.8,3.2,4.94,5.55,25.3,6.87,5.3,4,3.04,4.63,3.8,17.15,5.4,4.1,4.17,2.26
MCZ,35670,Macaca_nemestrina,27.26,8.92,7.17,4.67,3.23,6.05,5.81,41.18,6.25,5.7,3.63,4.04,6.5,6.48,32.17,8.95,6.47,5.88,3.53,5.81,4.55,22,7.11,4.89,5.36,2.74
MCZ,37663,Macaca_fascicularis,17.65,5.26,4.04,2.86,1.85,4.26,3.9,23.12,4.2,3.86,2.25,2.06,4.33,4.27,20.07,5.72,4.11,3.88,2.17,3.75,2.96,13.87,4.66,3.42,3.89,2
MCZ,37414,Macaca_fascicularis,20.38,5.75,5.5,3,2.3,4.89,4.5,26.6,4.44,4.27,2.45,3,5.05,5.22,24,6.6,4.93,4.14,2.75,4.57,3.66,16.45,5.12,3.85,4.27,2.39
FMNH,62276,Macaca_fascicularis,20.8,6.4,5.63,3.35,2.7,5.27,4.8,28.15,4.8,4.93,3.3,2.7,5.71,5.82,23.81,7.52,5.56,4.92,3.15,4.55,3.54,16.06,5.85,3.93,4.4,2.26
FMNH,62274,Macaca_fascicularis,17.75,5.68,4.8,2.66,2.32,4.5,4.11,23.7,5,4.12,2.7,2.2,5.28,5,21.9,6.37,4.7,4.2,2.7,4.45,3.2,15.06,5.24,3.58,4.17,2.05
FMNH,62273,Macaca_fascicularis,18.75,6.44,6.36,3.52,3.51,5.67,5.07,28.8,5.56,5.15,2.7,2.88,6,5.68,23.85,7,5.3,4.64,3.38,4.76,3.58,16.54,6.06,4.13,4.58,2.36
FMNH,62902,Macaca_fascicularis,19.2,5.77,4.8,3.25,2.4,4.7,4.56,28,5.15,4.9,2.87,2.88,5.46,5.3,22.81,6.51,4.9,4.78,3.27,4.65,3.35,15.6,5.6,4.12,4.32,2.4
AMNH,35042z,Papio_cynocephalus,42.42,11.31,9.48,5.45,4.43,8.91,8.68,68.54,10.7,10.36,4.64,7.53,9.48,9.13,34.66,10.62,8.76,6.98,5.1,8.05,5.64,21.75,8.29,6.13,6.44,3.88
FMNH,13263,Papio_cynocephalus,29.84,8.57,7.73,4.58,3.58,6.63,6.26,41.97,6.63,6.83,3.4,4.32,7.53,7.14,31.7,9.61,6.6,5.44,3.6,5.66,4.47,21.17,7.6,5,5.77,3.36
EvoMorph,1,Papio_hamadryas,38.21,9.97,8.93,6.07,4.2,8.32,7.75,61.01,9,10.57,4.34,6.04,9.45,9.3,39.72,11.25,8.93,7.8,4.72,7.53,5.45,25.05,8.73,5.85,6.18,3.68
MVZ,154148,Papio_hamadryas,33.23,9.32,8.34,4.94,4.1,8.15,7.7,50.42,9.21,8.71,4.2,4.97,8.3,8.04,23.72,9.23,7.04,6.91,4.5,6.7,5.07,15.03,7.38,5.34,5.98,3.89
MVZ,106562,Papio_hamadryas,25.97,9.52,7.43,4.34,3.55,6.24,6.39,42.22,7.76,7.17,3.88,4.94,7.43,7.04,23.58,8.95,6.79,6.3,3.98,6.19,4.16,14.3,7.4,5.22,5.86,3.1
MVZ,154145,Papio_hamadryas,28.83,8.47,7.1,4.31,3.26,7.2,6.55,46.5,7.77,8.82,3.82,4.72,7.8,7.1,26.56,9.42,7.09,6.62,4.1,6.3,4.31,16.2,7,5.3,6.17,3.36
MVZ,154147,Papio_hamadryas,29,9.3,7.42,4.64,3.57,6.8,6.62,48.72,8.51,8.75,4.04,5.41,7.72,8,28.37,9.7,7.48,5.67,4.26,6.5,4.72,16.66,7.51,5.4,6.33,3.7
FMNH,134614,Papio_anubis,27.7,7.9,7.26,4.16,3.3,6.2,6.44,45.31,8,7.2,3.96,5.3,7.17,7.1,25.18,8.5,6.64,5.64,4.33,5.84,4.28,15.76,7,5.09,6.3,3.36
FMNH,187453,Papio_papio,28.9,7.74,6.6,4.35,3.73,6.4,6.76,47.62,8,7.06,3.94,5.64,7.45,7.32,27,9.1,6.8,6.13,4.09,5.94,4.4,17.04,7.25,5.07,5.2,3.2
AMNH,238034,Theropithecus_gelada,29.08,7.73,5.9,3.93,3.3,5.57,6,37.86,7.94,6.38,3.54,4.33,6.55,6.45,19.31,8.3,5.85,5.72,3.57,5.31,4.3,11.32,6.36,4.66,5.15,3.03
AMNH,60568,Theropithecus_gelada,36.86,9.27,7.18,4.47,3.71,6.75,7.58,46.67,8.71,6.7,4.1,5.47,7.76,7.68,22.5,9.97,7.78,7.7,4.1,6.6,4.8,14,8.2,5.76,6.8,3.7
HERC,108,Theropithecus_gelada,35.08,9.37,7.21,4.76,3.62,5.95,7.21,44.97,8.29,6.48,3.69,5.55,7.23,7.23,21.38,9.59,7.39,7.81,3.93,6.6,4.43,12.62,7.27,5.33,6.43,3.91
HERC,109,Theropithecus_gelada,33.53,8.41,7.12,4.27,3.74,6.01,6.84,44.98,8.69,6.85,3.99,5.86,7.21,7.32,20.89,9.49,7.11,6.65,3.79,6.14,4.17,13.05,7.3,5.49,6.23,3.36
HERC,110,Theropithecus_gelada,30.2,7.9,6.2,3.95,3.18,5.16,6.17,40.06,7.01,5.81,3.53,4.72,6.21,6.37,19.33,8.45,6.36,6.12,3.14,5.74,3.75,11.19,6.54,4.59,5.07,2.86
HERC,113,Theropithecus_gelada,28.09,7.9,6.4,3.86,3.09,5.17,5.88,37.08,7.22,5.46,3.46,4.58,6.22,6.21,17.64,8.22,6.25,6.15,3.25,5.76,3.73,10.75,6.32,4.56,5.34,3.15
MCZ,37930,Cercopithecus_mitis,20.67,5.67,5.6,3.21,2.53,4.57,5.11,28.12,6.06,4.7,2.78,3.11,5,5.34,27.25,7.53,5.48,5.3,3.09,4.92,3.84,17.94,5.97,4.13,4.32,2.75
MCZ,37934,Cercopithecus_mitis,22.8,6.38,5.72,3.52,2.8,5.21,5.15,31.13,6,5.46,3.06,3.33,5.4,5.57,27.77,7.51,5.49,5.61,3.2,4.9,4.32,18.35,6.17,4.72,4.68,3
FMNH,121598,Cercopithecus_mitis,16.93,5.38,4.66,3.24,2.1,4.47,4,25,5,4.35,2.33,2.7,4.35,4.68,22.7,6.8,5.1,4.18,2.8,4.6,3.54,15.68,5.7,4,4,2.5
FMNH,165382,Cercopithecus_mitis,18.41,4.71,4.8,2.97,2.24,4.38,4.3,27.5,4.53,4.4,2.24,2.72,4.52,4.8,25.1,6.68,4.65,4.04,2.52,4.5,3.5,17.17,5.5,4.1,3.9,2.65
FMNH,121359,Miopithecus_talapoin,10.5,3.4,2.78,2,1.23,3,2.38,14.8,2.94,2.3,1.4,1.6,2.91,2.7,14.15,3.83,2.62,2.27,1.58,2.7,1.9,9.7,3.42,2.4,2.5,1.43
FMNH,127278,Miopithecus_talapoin,11.5,3.5,2.66,2.2,1.24,2.86,2.52,16.18,2.81,2.24,1.56,1.44,2.62,2.8,15.5,4.1,2.8,2.43,1.57,3.05,2,10.56,3.44,2.37,2.44,1.53
FMNH,129458,Miopithecus_talapoin,12.5,4.45,3.3,2.52,1.7,3.56,2.9,17.7,3.05,2.87,1.7,2,3.27,3.2,16.47,4.68,3.3,2.9,1.76,3.12,2.7,11.24,4.1,2.82,2.9,1.83
FMNH,129459,Miopithecus_talapoin,10.8,3.57,2.67,1.93,1.33,2.84,2.5,15.9,2.84,2.28,1.6,1.6,2.87,2.7,14.27,4,2.83,2.46,1.77,3,2.16,9.35,3.26,2.37,2.25,1.4
FMNH,17714,Chlorocebus_aethiops,17.2,5.2,4.73,2.75,2.44,4.7,4.38,29.1,5.66,5.3,2.6,3.3,5.04,5.2,21.52,6.53,4.9,3.76,2.5,4.2,3.44,14.1,5.31,3.8,3.87,2.53
FMNH,127784,Chlorocebus_aethiops,16.15,4.17,3.25,2.23,1.6,3.57,3.2,24.83,4.45,3.63,2.2,1.88,3.87,3.5,19.08,5.1,3.96,3.22,2,3.37,2.52,13,4.09,3.2,3.4,1.85
MVZ,137555,Colobus_polykomos,21.84,4.94,5.23,3.1,2.17,4.6,4,40.58,7.63,5.56,3.9,3.6,6.66,6.27,30.57,6.65,6.34,4.71,3.7,5.2,4.55,19.2,6.06,5.09,4.66,3.07
MVZ,121143,Colobus_polykomos,20.6,5.11,4.46,2.37,2.05,3.78,3.6,43.16,7,5.87,3.72,4,6.8,6.61,35.6,8.06,6.41,5.72,3.97,5.47,4.63,23.78,7,5.28,5,3.21
MCZ,47977,Colobus_polykomos,22.98,6.15,5.05,2.97,2.32,3.77,4.43,42.33,6.4,5.77,3.45,3.77,6,6.13,38.5,8.71,6.2,5.23,4.13,6.35,5.04,27.51,7.62,5.58,5.21,3.48
MVZ,121458,Semnopithecus_entellus,18.2,5.57,4.93,3.05,2.34,4.29,4.24,36.37,5.3,5.12,3.7,2.86,5.32,5.63,25.4,6.25,4.92,4.06,3.15,3.55,3.9,15.8,5.09,3.94,3.95,2.65
FMNH,104168,Semnopithecus_entellus,29.54,8.86,7.8,4.46,3.24,6.8,6.93,54.3,8.72,9.26,4.73,5.56,8.08,8.5,38.28,10.57,8.44,6.06,4.52,6.9,5.2,25.7,9.05,6.62,6.21,4.12
FMNH,44834,Semnopithecus_entellus,19.46,6,5,3.46,2.4,4.5,4.52,35.4,5.4,5,3.6,3,5.48,5.55,31.65,7.38,5.38,5,3,4.8,4.12,20.73,6.17,4.8,4.57,2.87
FMNH,44835,Semnopithecus_entellus,19.48,5.8,5.26,3.4,2.35,4.16,4.8,35,5.32,4.9,3.32,3.06,5.21,5.57,30.6,7.06,5.35,4.8,3.26,4.53,4.15,20.58,5.76,4.33,4.4,3.05
FMNH,92868,Semnopithecus_entellus,20.4,5.9,4.7,2.7,1.6,3.8,4,33.71,5.34,5.13,2.4,2.8,4.95,4.95,24.11,6.87,5,3.92,2.44,4.72,3.45,17.16,5.17,3.7,4.1,2.38
FMNH,53698,Semnopithecus_entellus,28.63,7.6,6.6,3.5,2.66,6.04,6,47.9,7.43,6.64,4.12,3.6,6.3,6.8,33.38,8.6,6.63,4.93,3.7,5.93,4.47,22.52,6.88,5.05,5.2,3.4
MCZ,41563,Nasalis_larvatus,30.3,8.5,7.6,4.97,4,7.35,6.64,50.8,8.2,6.62,4.38,4.77,7.98,7.82,45.57,10.7,7.98,6.88,4.8,7.5,5.65,29.91,9.44,7,6.9,4.13
MCZ,37343,Nasalis_larvatus,25.75,6.98,5.95,3.9,2.92,6.08,5.35,40.77,5.67,5.1,3.62,3.25,6.63,6,38.15,8.08,6.56,5.54,3.86,6.08,4.5,26.35,6.85,5.71,5.33,3
MCZ,41562,Nasalis_larvatus,25.7,6.8,5.77,4.32,2.83,5.6,5,41.26,5.67,5.3,3.56,2.87,6.08,6.21,36.66,8.15,6.26,5.75,3.67,5.85,4.6,24.83,7,5.5,5.3,3
MCZ,41557,Nasalis_larvatus,29.77,10.6,8.6,5.4,4.3,7.5,6.83,52.78,7.95,6.7,4.8,4.56,7.78,8,44.92,11.1,8.87,7.43,5,8,6,30.72,10.18,7.7,6.9,4.12
MCZ,37344,Nasalis_larvatus,27.33,7.45,7.72,4.2,3.34,6.03,5.9,43.8,6.35,6.1,4.2,3.64,6.7,6.65,39.52,8.8,7.09,5.92,4.11,6.16,4.92,27.62,7.94,6.3,5.8,3.51
MCZ,35718,Trachypithecus_cristatus,18.25,5.3,4.14,3,2,3.94,4.08,33.87,5.37,4.73,3.24,2.63,5.1,5,29.56,6.56,5.05,4.26,3,4.33,3.75,20.81,5.46,4.45,3.85,3.21
MCZ,35586,Trachypithecus_cristatus,17.87,5.33,4.44,2.94,2.05,3.8,3.94,33.6,4.36,5.12,3.04,2.62,4.91,5.22,29.23,6.3,4.8,4.1,3,4.3,3.57,19.32,5.46,4.2,3.73,2.52
MCZ,35584,Trachypithecus_cristatus,18.31,5.82,5,3.42,2.42,4.4,4.13,36.2,5.11,4.6,3.5,2.9,5.48,5.92,30.81,7.23,5.45,4.56,3.28,4.64,4,21.74,5.93,4.63,3.73,2.7
MCZ,35607,Trachypithecus_cristatus,18.37,5.5,4.45,3.2,2.2,4.1,4.34,34.43,5.3,4.8,3.54,2.7,5.24,5.25,29.74,6.71,5.05,4.54,3.58,4.4,4,20.18,5.55,5,3.67,2.6
MCZ,35597,Trachypithecus_cristatus,18.3,5.73,4.5,3,2.35,4.45,4.45,31.88,5,4.47,3.32,2.64,5.27,5.54,28.15,7,5.36,4.4,3.23,4.53,4,19.74,5.73,4.34,3.9,2.9
FMNH,93244,Ateles_paniscus,15.13,3.95,4,1.85,2,2.6,1.86,50.1,6.64,6.43,3.2,4.12,6.66,7.07,43,8.2,7.36,6,4.2,5.83,5.2,28.54,7.57,5.9,5.4,3.6
USNM,338114,Ateles_fusciceps,15.73,3.43,4.77,1.08,1.61,1.92,3.57,48.36,5.66,6.76,3.43,4.11,7.02,7.48,40.29,8.17,7.74,6.39,4.52,7.08,5.92,28.34,8.02,6.28,6.38,4.06
USNM,338115,Ateles_fusciceps,23.91,4.92,5.06,2.73,2.01,2.82,2.65,41.84,4.55,5.49,3.27,3.37,6.62,7.02,37.13,7.3,6.87,5.22,3.81,6.26,5.16,25.28,7.2,5.56,5.04,3.59
AMNH,172985,Ateles_geoffroyi,18.68,3.85,4.1,1.85,1.68,1.58,2.75,50.6,6,5.1,3.26,3.83,6.56,7.14,44.38,8.28,7.2,5.88,4.1,6.42,5.46,30.14,7.8,6.38,5.58,3.8
MVZ,98316,Ateles_geoffroyi,16.6,3.97,3.72,2.13,1.94,2.43,2,44.09,5.4,4.45,3.27,4,5.68,6.48,35.95,7.07,6.29,5.52,3.51,5.4,4.7,24.02,6.65,5.28,5,3.3
MVZ,123692,Ateles_geoffroyi,22.23,4.53,3.75,2,2.11,2.8,2,44.3,5.25,4.35,2.9,3.26,5.23,6.27,38.39,6.58,5.83,4.8,3.76,4.84,4.8,24.36,6.17,5.98,4.55,3.06
CMNH,1235,Ateles_geoffroyi,20.92,4.37,4.45,2.52,1.77,2.81,3.26,45.73,5.87,5.26,2.99,3.31,5.39,7.03,39.92,7.04,6.84,5.43,3.9,5.41,5.07,25.95,7.12,5.76,4.77,3.5
CMNH,1234,Ateles_geoffroyi,19.32,4.2,4.5,2.39,1.73,2.84,2.94,45.33,5.3,5.98,3.16,2.89,5.47,6.97,38.53,7.39,6.91,5.62,4.1,5.3,5.14,26.91,7.26,5.83,5.23,3.87
AMNH,30192,Ateles_belzebuth,17.75,4.1,5.4,1.92,1.42,3.97,2.46,47.37,7.1,6.4,3.54,4.06,6.68,7.67,43.61,8.68,7.94,6.64,4.78,7.6,5.68,29.23,8.13,6.4,6.06,3.81
AMNH,259,Ateles_belzebuth,21.49,5.04,4.5,2.05,1.75,2.21,3.34,45.37,6.49,5.45,2.95,3.21,6.36,6.97,39.12,8.24,6.8,5.79,3.74,5.72,5.52,26.6,7.44,6.02,4.97,3.9
AMNH,201294,Ateles_belzebuth,26.11,4.29,3.94,2.25,2.08,2.68,2.81,47.52,6.23,4.34,2.66,3.46,5.68,6.33,41.4,7.18,6.38,5.87,4.07,5.25,4.85,27.86,6.91,5.67,4.74,3.37
AMNH,23334,Alouatta_seniculus,20.86,5.73,5.38,3.05,3.05,4.74,5.57,27.61,6.47,5.39,3.19,3.51,5.43,6.42,32.01,7.06,5.86,4.76,3.53,4.91,4.37,21.81,6.68,4.96,5.03,3.26
AMNH,48119,Alouatta_seniculus,20.71,5.78,5.64,3.2,2.6,4.85,5.27,28.13,5.92,5.98,3.11,3.32,5.55,6.64,32.86,7.18,6.46,4.73,3.53,4.8,4.2,21.04,6.2,4.91,3.94,2.91
AMNH,23330,Alouatta_seniculus,21.78,5.95,5.41,3.11,3,5,5.93,28.68,6.46,5.94,2.97,3.75,5.72,6.95,33.26,7.07,6.16,4.4,3.48,4.95,4.4,22.37,6.57,5.09,4.62,3.53
FMNH,18869,Alouatta_seniculus,22.81,6.26,5.63,3.26,3.15,5.58,5.67,30.18,6.4,5.8,3.37,3.8,6.25,6.78,32.62,7.41,6.67,4.8,3.63,5.63,4.77,22.8,7.44,5.6,4.77,3.24
AMNH,209917,Alouatta_caraya,23,5.76,4.97,2.72,3.18,5.71,5.86,30.9,5.7,5.37,3.44,3.92,6.09,6.66,30.78,6.64,5.91,5.16,3.71,4.94,4.37,20.33,6,4.65,5,3.2
CMNH,1185,Alouatta_palliata,21.38,5.59,5.88,3.23,2.84,5.49,5.94,27.58,5.7,5.12,2.84,3.31,5.57,6.08,34.24,6.96,6.35,4.93,3.42,4.93,4.4,21.63,6.3,4.98,4.59,3.14
FMNH,61855,Alouatta_palliata,18.72,4.94,4.13,2.15,1.87,3.63,4.8,23.54,4.33,4.8,1.85,2.5,4.77,5,27.08,5.54,4.64,3.04,1.72,3.9,3.8,17.28,4.7,3.9,3.25,1.96
FMNH,22395,Alouatta_palliata,20.83,5.63,4.68,2.7,2.42,5.26,5.93,26.52,5.75,5.37,2.67,3.05,5.87,6.35,31.7,6.47,5.88,4.33,2.8,4.64,4.54,20.1,5.75,4.75,4.45,3.2
FMNH,69581,Alouatta_palliata,21.56,6.35,5.2,3.07,3.04,5.7,5.64,29.03,5.4,5.2,3.05,3.41,5.9,6.47,32.06,7.46,6.73,5.37,3.46,5,4.8,21.64,6.22,5.3,4.6,3.15
FMNH,57119,Alouatta_palliata,22.45,7.15,5.55,3.4,2.96,6.2,6.3,27.66,6.3,6.2,3.07,3.78,6.2,6.83,33.6,7.24,6.7,4.96,3.56,5.1,5,21.5,6.7,5.1,4.75,3.22
AMNH,260,Brachyteles_arachnoides,16.96,4.26,5.21,1.47,1.43,3.15,4.45,51.85,5.69,6.86,3.35,4.28,7.28,8.05,47.15,8.6,8.37,5.04,3.68,6.14,6.16,30.04,8.05,6.95,5.48,4.18
MVZ,121455,Lagothrix_lagotricha,23.63,5.44,4.85,2.8,2.97,4.75,5.52,33.4,6.2,5.7,3.09,3.7,5.5,6.17,33.5,6.55,6.1,6.93,4.2,4.4,4.57,22.2,6.22,4.94,4.2,3.14
USNM,397392,Lagothrix_lagotricha,19.79,4.4,5.14,2.6,2.8,4.4,5.55,28.44,5.21,4.8,2.87,3.03,5.7,5.85,29.67,6.09,6,5.07,3.36,4.2,4.05,20.25,5.3,4.56,4.02,2.8
USNM,397383,Lagothrix_lagotricha,21.3,4.8,5.22,2.8,2.62,4.6,5.5,30.07,5.83,4.67,3,2.88,5.3,5.82,32,6.27,5.71,5.36,3.48,4.26,4.08,22.3,5.54,4.94,4.2,2.95
USNM,538312,Lagothrix_lagotricha,19.7,4.25,5.4,2.3,2.92,4.2,5.6,29.3,5.57,4.42,2.96,3.11,5.13,5.97,31.55,6,5.95,5.22,4,4.6,4.25,20.55,5.64,4.62,4.4,2.93
CMNH,HTB 876,Lagothrix_lagotricha,22.25,5.88,5.23,3.1,2.99,4.99,5.98,33.91,5.43,6.26,3.57,3.55,6.06,6.88,31.17,7.16,6.65,6.16,3.81,5.12,4.79,19.85,6.25,4.99,4.57,3.5
CMNH,HTB 1491,Lagothrix_lagotricha,23,5.1,5.96,3.11,3.17,4.93,6.08,31.14,5.48,5.21,3.09,3.55,5.64,6.35,33,7.04,6.37,5.58,4.15,4.49,5.22,18,6.24,5.62,3.5,2.98
FMNH,70584,Lagothrix_lagotricha,20.2,5.43,5.45,2.92,2.96,4.8,6.06,30.44,5.5,5.84,3.27,3.46,6.3,6.65,31.37,6.94,6.6,5.6,4.3,4.8,4.5,22.2,6.35,5.22,4.75,3.12
FMNH,57181,Lagothrix_lagotricha,23.7,5.21,5.44,2.66,2.7,4.92,5.65,33.34,5.5,5.28,2.94,3.3,4.9,6.5,34.53,7.2,6.4,5.7,3.55,4.66,4.5,22,6.27,5.1,3.83,3
FMNH,98050,Lagothrix_lagotricha,21.5,6.24,5.3,3.3,3.53,5.3,6.2,31,4.76,5.8,3.42,3.57,5.92,6.78,32.73,7.23,7,5.95,4.33,5.05,4.97,20.97,6.57,5.37,4.73,3.55
FMNH,70574,Lagothrix_lagotricha,20.1,6,4.93,3,3.5,5,6.05,29.56,5.38,5.15,3.43,3.77,6,6.62,30.42,6.63,6.46,5.58,4.2,4.68,4.25,19.57,6.27,5.09,4.4,3
AMNH,135414,Cebus_capucinus,19.24,6.26,5.02,3.27,2.81,4.67,5.46,22.96,4.84,4.66,2.13,3.23,4.61,5.61,22.15,6.37,4.72,3.99,2.65,4.45,3.41,15.63,5.49,3.86,3.84,2.6
AMNH,133622,Cebus_apella,17.17,4.48,4.27,3.11,2.3,3.98,4.28,20.62,4,3.82,1.97,2.46,4.07,4.33,17.98,4.63,3.55,2.8,2.21,3.49,2.81,11.8,4.03,3.41,3.2,2.44
AMNH,133637,Cebus_apella,16.19,5.09,4.45,3.05,2.5,3.85,4.2,19.92,3.95,3.48,2.17,2.6,4.08,4.77,18.45,5.46,3.87,3.32,2.16,3.9,2.77,13.67,4.52,3.27,3.31,2.3
FMNH,98046,Cebus_apella,18,5.32,4.8,3.06,2.4,4.35,4.8,22.41,4.2,4.5,2.06,2.7,4.54,5.1,21,5.5,4.28,3,2.5,3.8,3.12,13.41,4.56,3.47,3.36,2.2
FMNH,93261,Cebus_apella,18.18,5.3,4.33,3.27,2.52,4.11,4.8,21.47,4.1,3.9,2.22,2.64,4.5,4.8,21.6,5.67,4.12,3.46,2.67,4,3.12,13.72,4.7,3.42,3.18,2.14
AMNH,30197,Cebus_olivaceus,18.78,5.23,5.25,2.92,2.56,4.42,4.8,21.5,4.6,3.66,2.28,2.6,4.32,4.5,22.14,5.75,4,3.2,2.56,4.14,3.1,15,5,3.76,3.53,2.35
AMNH,30196,Cebus_olivaceus,18.32,5.11,4.6,2.77,2.34,4.05,4.86,20.62,3.68,3.55,2.15,2.3,4.1,4.68,21.05,5.3,3.66,2.63,2.33,3.37,2.92,14.94,4.4,3.3,3.45,2.31
AMNH,30198,Cebus_olivaceus,18.84,5.32,4.71,3,2.35,4.57,5.05,21.64,4.6,3.7,2.3,2.2,4.43,4.78,21.05,5.8,4.35,3,2.43,3.82,3.16,14.9,4.89,3.64,3.72,2.46
AMNH,30195,Cebus_olivaceus,19.44,5,4.86,2.98,2.3,4.48,4.93,22.07,5,4,2,1.97,4.55,4.75,22.41,6.07,4.1,2.86,2.34,4.21,3.05,14.93,4.68,3.62,3.44,2.42
AMNH,42873,Cebus_olivaceus,19.16,5.31,4.8,3.13,2.22,4.45,4.64,22.2,4.65,3.94,2.41,2.17,4.37,4.6,22.5,5.7,4.2,2.73,2.1,4,2.98,15.73,4.78,3.64,3.55,2.24
AMNH,42884,Cebus_olivaceus,19.56,5.23,5.2,2.93,2.15,4.15,4.63,21.5,5.13,4.1,2,2.7,4.5,4.8,22.34,5.97,4.5,3.97,2.2,4.5,3,15,5.3,3.63,3.65,2.3
MCZ,4247,Saimiri,12.12,2.76,2.82,1.8,1.4,2.74,2.97,13.34,2.6,2.36,1.35,1.26,2.8,2.78,14.3,3.58,2.85,2.14,1.48,2.6,2,10.8,3.12,2.3,2.32,1.57
CSHO,9044,Saimiri,11.32,2.74,2.52,1.54,1.26,2.62,2.77,12.1,2.88,2.5,1.2,1.44,2.77,2.83,13.83,3.57,2.73,2,1.32,2.37,1.97,10.16,3,2.25,2.06,1.41
CSHO,9043,Saimiri,11,2.72,2.52,1.4,1.14,2.64,2.7,12.36,2.54,2.52,1.28,1.3,2.77,2.76,13.12,3.71,2.64,1.92,1.37,2.4,1.83,9.33,3.53,2.43,2,1.5
CSHO,63,Saimiri,11.7,2.66,2.52,1.55,1,2.47,2.8,13.1,2.9,2.41,1,1.26,2.42,2.67,14.31,3.6,2.63,2.06,1.28,2.26,1.86,10.1,3,2.28,2,1.4
CSHO,225,Saimiri,11.15,2.88,2.9,1.62,1.15,2.46,2.73,11.7,2.5,2.05,1.24,1.17,2.63,2.6,13.14,3.65,2.62,2.11,1.22,2.43,1.93,9.17,3.05,2.18,2.06,1.27
CSHO,9015,Saimiri,10.36,2.7,2.28,1.07,0.9,2.13,2.5,11.5,2.3,2.12,0.94,0.9,2.48,2.23,12,3.3,2.3,1.62,1.09,2.12,1.71,8.2,2.7,2.04,1.8,1.22
CSHO,151,Saimiri,11.08,2.88,2.67,1.75,1.28,2.58,2.62,12.38,2.77,2.52,1.27,1.45,2.8,2.62,13.32,3.54,2.72,2.33,1.42,2.2,1.9,9.45,3.05,2.2,2.23,1.28
CSHO,65,Aotus,11.5,2.55,2.76,1.41,1,2.72,2.95,13.06,2.33,1.95,1.2,1.2,2.85,2.8,16.5,3.58,2.8,2,1.2,2.34,2.16,11.6,3.2,2.28,2.45,1.35
CSHO,6227,Aotus,11.5,2.77,2.65,1.8,1.3,2.7,2.93,12.1,2.61,2.28,1.5,1.57,3.14,2.8,15.26,3.73,2.93,2.3,1.67,2.63,2.25,11,3.3,2.38,2.43,1.37
AMNH,187978,Pithecia,16.75,3.65,3.98,2.27,1.94,3.56,4.25,20,3.7,3.18,1.96,2.42,3.85,4.71,20.91,5.08,4,3.03,2.35,3.83,3.22,15.1,4.33,3.73,3.21,2.21
MCZ,6028,Chiropotes,17.92,3.86,5,2.13,2.57,3.92,4.53,21.83,4.4,4.12,2.37,2.83,4,4.86,21.66,5.53,4.33,3.65,2.38,3.35,3.4,15.2,4.8,3.6,3.53,2.33
FMNH,95512,Chiropotes,18.2,4.14,4.37,2.14,2.68,3.74,4.7,22.3,4.2,4.35,2.43,2.5,4.33,4.8,22.67,5.86,4.4,3.43,2.44,3.4,3.26,16.2,4.4,3.64,3.35,2
FMNH,93522,Chiropotes,17.8,3.88,4.66,2.23,2.2,3.6,4.77,21.47,4.2,3.92,2.12,2.54,4.04,4.68,21.5,5.11,4.33,3.5,2.4,3.45,3.36,13.7,4.13,3.24,3.37,2.2
FMNH,127402,Chiropotes,13.78,3.2,3.22,1.9,1.4,2.86,3.1,17.22,3,2.68,1.76,1.53,2.92,3.5,20.22,4.32,3.28,2.6,1.8,3,2.5,15.3,4.11,2.96,2.56,1.6
FMNH,121650,Callicebus,10.6,2.62,2.3,1.5,1.16,2.37,2.8,12.4,2.7,2.2,1.26,1.35,3,2.8,15.65,3.48,2.6,2,1.66,2.34,2.1,10.6,3,2.27,2.24,1.5
,UW 88,Australopithecus_sediba,39.4,10.7,12.6,7.5,6.4,10,10.7,41.6,11.6,10.1,5.4,5.3,9.2,10.4,34.7,11.7,11.1,8.6,5.1,9,6.4,21.6,9.7,8.7,7.9,4.8
,AL 333,Australopithecus_afarensis,39.5,12.1,14.3,8.1,7.7,10.1,11.1,51.5,9.4,8.2,7.3,5.6,9.5,10.4,40.6,11.9,10.1,10,5.9,9.8,7,25.7,11.2,9.2,8.1,5.2
,ARA-VP-6/500,Ardipithecus_ramidus,35.2,12.3,11.5,7.9,6.1,10.5,9.9,55.3,9.4,8.7,6.3,5.7,8.5,11.1,52,14.2,11.4,11.63,7.22,10.5,7.9,35.7,14.3,11.55,8.25,5.9
,Shanidar 4,Homo_neanderthalensis,43.3,15.9,16.1,12.6,9,17.4,12.9,52.2,11,10.7,8.1,7.2,12.5,11.3,40,16.8,13.4,11.4,6.9,13.7,8,27,16.3,11.2,12.1,6.4
,UW 101,Homo_naledi,36.42,10.16,8.85,9.28,7.96,10.33,10.95,39.38,10.09,6.8,6.11,5.72,9.33,10.76,35.75,12.07,10.22,8.65,5.78,9.23,6.15,21.63,10.56,6.99,7.82,4.31
